,Date,Rot,VH,Team,1st,2nd,3rd,4th,Final,Open,Close,ML,2H,year
0,829,133,V,NorthCarolina,0,7,3,0,10,56.5,55,440,27.5,2013
1,829,134,H,SouthCarolina,17,3,7,0,27,10.5,13,-580,6.5,2013
2,829,135,V,UNLV,6,7,3,7,23,51.5,52,415,27,2013
3,829,136,H,MinnesotaU,3,13,14,21,51,14,13.5,-530,6,2013
4,829,137,V,Tulsa,0,0,0,7,7,48.5,51.5,125,23,2013
5,829,138,H,BowlingGreen,3,3,7,21,34,3.5,3,-145,pk,2013
6,829,139,V,Akron,0,0,0,7,7,55,56,1139,24.5,2013
7,829,140,H,CentralFlorida,14,10,14,0,38,21.5,24,-2000,10,2013
8,829,141,V,UtahState,3,14,6,3,26,51.5,52,100,0.5,2013
9,829,142,H,Utah,14,0,10,6,30,2.5,1,-120,27.5,2013
10,829,143,V,Mississippi,10,0,15,14,39,3,3.5,-165,3,2013
11,829,144,H,Vanderbilt,0,21,7,7,35,53.5,51.5,145,27,2013
12,829,145,V,Rutgers,10,10,11,14,51,55,55,300,28.5,2013
13,829,146,H,FresnoState,7,14,7,17,52,10.5,10.5,-360,7,2013
14,829,147,V,USC,3,17,0,10,30,21.5,24.5,-2000,13,2013
15,829,148,H,Hawaii,0,5,0,8,13,53.5,53,1200,24.5,2013
16,829,301,V,Liberty,0,3,7,0,10,NL,NL,NL,NL,2013
17,829,302,H,KentState,7,0,0,10,17,7,20,NL,NL,2013
18,829,303,V,Presbyterian,7,0,0,0,7,NL,NL,NL,NL,2013
19,829,304,H,WakeForest,3,14,7,7,31,38,37.5,NL,NL,2013
20,829,305,V,IndianaSt,7,14,7,7,35,NL,NL,NL,NL,2013
21,829,306,H,Indiana,21,24,21,7,73,24,25,NL,NL,2013
22,829,307,V,IllinoisSt,14,7,0,6,27,NL,NL,NL,NL,2013
23,829,308,H,BallState,9,7,21,14,51,10,12.5,NL,NL,2013
24,829,309,V,SouthernUtah,10,0,3,9,22,NL,NL,NL,NL,2013
25,829,310,H,SouthAlabama,0,7,7,7,21,24.5,15,NL,NL,2013
26,829,311,V,Towson,7,6,6,14,33,NL,NL,NL,NL,2013
27,829,312,H,Connecticut,7,3,0,8,18,17,16.5,NL,NL,2013
28,829,313,V,WesternCarolina,0,18,0,6,24,NL,NL,NL,NL,2013
29,829,314,H,MiddleTennSt,21,10,7,7,45,31,32.5,NL,NL,2013
30,829,315,V,JacksonSt,0,0,0,7,7,NL,NL,NL,NL,2013
31,829,316,H,Tulane,13,7,7,7,34,17.5,25,NL,NL,2013
32,829,317,V,CSSacramento,0,0,0,0,0,NL,NL,NL,NL,2013
33,829,318,H,SanJoseState,3,14,7,0,24,17,18.5,NL,NL,2013
34,830,149,V,WesternMichigan,0,7,0,6,13,44.5,46,1768,22.5,2013
35,830,150,H,MichiganState,7,6,6,7,26,27,27.5,-4000,13,2013
36,830,151,V,FloridaAtlantic,0,3,3,0,6,53.5,55,NL,26,2013
37,830,152,H,MiamiFlorida,3,17,14,0,34,33,31.5,NL,14.5,2013
38,830,153,V,TexasTech,3,10,7,21,41,6,4.5,-190,1,2013
39,830,154,H,SMU,3,6,7,7,23,59.5,61.5,165,28,2013
40,830,319,V,Samford,7,0,7,17,31,NL,9.5,NL,NL,2013
41,830,320,H,GeorgiaState,7,7,0,7,21,pk,NL,NL,NL,2013
42,830,321,V,MorganSt,0,6,6,0,12,NL,NL,NL,NL,2013
43,830,322,H,Army,14,7,7,0,28,31,33.5,NL,NL,2013
44,830,323,V,Southern,0,6,7,0,13,NL,NL,NL,NL,2013
45,830,324,H,HoustonU,10,17,14,21,62,38.5,40,NL,NL,2013
46,830,325,V,NoDakotaState,7,0,10,7,24,NL,NL,NL,NL,2013
47,830,326,H,KansasState,0,7,14,0,21,17,12.5,NL,NL,2013
48,830,327,V,NorthernArizona,0,0,0,0,0,NL,NL,NL,NL,2013
49,830,328,H,ArizonaU,7,7,14,7,35,35.5,31,NL,NL,2013
50,831,155,V,Massachusetts,0,0,0,0,0,53,55,NL,23.5,2013
51,831,156,H,Wisconsin,10,7,21,7,45,45,43,NL,17.5,2013
52,831,157,V,CentralMichigan,3,3,0,3,9,52.5,53.5,NL,23,2013
53,831,158,H,Michigan,14,21,21,3,59,31.5,31,NL,14,2013
54,831,159,V,BuffaloU,0,13,7,0,20,55.5,57,NL,27,2013
55,831,160,H,OhioState,23,7,7,3,40,36,35,NL,14.6,2013
56,831,161,V,LouisianaTech,0,7,0,7,14,62.5,62.5,475,28.5,2013
57,831,162,H,NCState,14,10,3,13,40,13.5,14.5,-650,6,2013
58,831,163,V,FloridaIntl,3,7,0,0,10,49.5,49.5,1023,21.5,2013
59,831,164,H,Maryland,13,27,0,3,43,19.5,21,-1600,7.5,2013
60,831,165,V,NoIllinois,10,7,3,10,30,53,52.5,115,0.5,2013
61,831,166,H,Iowa,7,17,0,3,27,3,3,-135,28,2013
62,831,167,V,Temple,0,6,0,0,6,53,52.5,1768,27.5,2013
63,831,168,H,NotreDame,14,7,7,0,28,29.5,28,-4000,11.5,2013
64,831,169,V,BYU,0,7,0,9,16,3,3,-150,0.5,2013
65,831,170,H,Virginia,0,3,9,7,19,49.5,48.5,130,22.5,2013
66,831,171,V,Alabama,14,14,7,0,35,18.5,23,-2000,10,2013
67,831,172,H,VirginiaTech,7,3,0,0,10,46,46,1200,21.5,2013
68,831,173,V,UAB,14,3,14,0,31,63.5,63,170,30.5,2013
69,831,174,H,Troy,7,0,10,14,34,5,4.5,-200,3.5,2013
70,831,175,V,Purdue,0,7,0,0,7,50.5,50.5,335,24,2013
71,831,176,H,CincinnatiU,0,14,14,14,42,10.5,11,-430,4.5,2013
72,831,177,V,Kentucky,3,14,0,9,26,5,5,-200,3,2013
73,831,178,H,WesternKentucky,7,14,7,7,35,56.5,55.5,170,28,2013
74,831,179,V,MiamiOhio,7,7,0,0,14,69.5,67,733,33,2013
75,831,180,H,Marshall,0,14,21,17,52,17,21,-1000,10,2013
76,831,181,V,MississippiSt,3,0,0,0,3,60,64.5,425,28,2013
77,831,182,H,OklahomaState,0,7,7,7,21,12,13,-550,6,2013
78,831,183,V,ULMonroe,0,0,0,0,0,59.5,62,1002,27,2013
79,831,184,H,Oklahoma,0,13,21,0,34,23,23,-1650,10,2013
80,831,185,V,TexasState,7,7,0,8,22,56,55,250,27,2013
81,831,186,H,SouthernMiss,0,3,9,3,15,8,8,-300,5.5,2013
82,831,187,V,NewMexicoState,0,7,0,0,7,58,54.5,NL,26,2013
83,831,188,H,Texas,0,14,21,21,56,42,44,NL,20,2013
84,831,189,V,Rice,14,7,0,10,31,65,69.5,NL,41,2013
85,831,190,H,TexasA&M,7,21,10,14,52,26,30,NL,17,2013
86,831,191,V,Toledo,0,3,3,0,6,56.5,55.5,1052,24,2013
87,831,192,H,Florida,7,10,7,0,24,23,22,-1700,10.5,2013
88,831,193,V,ULLafayette,0,7,7,0,14,59,54.5,320,27,2013
89,831,194,H,Arkansas,7,13,14,0,34,11,10.5,-400,4.5,2013
90,831,195,V,WashingtonState,7,14,3,0,24,59,60.5,450,31.5,2013
91,831,196,H,Auburn,8,17,3,3,31,15.5,14,-600,6.5,2013
92,831,197,V,Idaho,6,0,0,0,6,56.5,56,500,26.5,2013
93,831,198,H,NorthTexas,14,12,7,7,40,14.5,17.5,-700,8,2013
94,831,199,V,PennState,0,6,7,10,23,7,9,-350,3,2013
95,831,200,H,Syracuse,0,3,7,7,17,51,50,290,23,2013
96,831,201,V,Wyoming,7,7,7,13,34,64.5,66.5,2311,31.5,2013
97,831,202,H,Nebraska,10,7,14,6,37,27,31.5,-8000,14,2013
98,831,203,V,TexSanAntonio,0,7,7,7,21,55,54.5,150,26.5,2013
99,831,204,H,NewMexico,6,7,0,0,13,3.5,4,-170,pk,2013
100,831,205,V,Georgia,14,7,7,7,35,1.5,3,-130,2.5,2013
101,831,206,H,Clemson,14,7,10,7,38,72,71,110,35,2013
102,831,207,V,LSU,6,10,14,7,37,4,6,-220,0.5,2013
103,831,208,H,TCU,3,7,7,10,27,50.5,47,180,24,2013
104,831,209,V,BoiseState,0,3,3,0,6,52.5,54.5,145,25.5,2013
105,831,210,H,WashingtonU,7,3,14,14,38,3.5,4,-165,0.5,2013
106,831,211,V,Nevada,3,10,0,7,20,66.5,68,844,33,2013
107,831,212,H,UCLA,7,10,20,21,58,18,21,-1250,10,2013
108,831,213,V,Northwestern,7,10,10,17,44,5.5,6.5,-230,0.5,2013
109,831,214,H,California,7,3,14,6,30,58,62.5,190,29,2013
110,831,329,V,SoIllinois,7,0,17,10,34,NL,NL,NL,NL,2013
111,831,330,H,Illinois,3,22,14,3,42,24,17,NL,NL,2013
112,831,331,V,Elon,0,0,0,0,0,NL,NL,NL,NL,2013
113,831,332,H,GeorgiaTech,28,14,21,7,70,48,44,NL,NL,2013
114,831,333,V,Villanova,14,0,0,0,14,NL,NL,NL,NL,2013
115,831,334,H,BostonCollege,7,0,14,3,24,17.5,15,NL,NL,2013
116,831,335,V,William&Mary,7,10,0,0,17,NL,NL,NL,NL,2013
117,831,336,H,WestVirginia,7,0,10,7,24,31.5,31.5,NL,NL,2013
118,831,337,V,MurraySt,14,0,0,0,14,NL,NL,NL,NL,2013
119,831,338,H,Missouri,13,17,21,7,58,38,38,NL,NL,2013
120,831,339,V,Colgate,7,0,0,6,13,NL,NL,NL,NL,2013
121,831,340,H,AirForce,0,21,10,7,38,31.5,26.5,NL,NL,2013
122,831,341,V,NCCentral,0,0,0,0,0,NL,NL,NL,NL,2013
123,831,342,H,Duke,14,14,14,3,45,35,32.5,NL,NL,2013
124,831,343,V,NichollsSt,0,3,0,0,3,NL,NL,NL,NL,2013
125,831,344,H,Oregon,24,14,7,21,66,58,59,NL,NL,2013
126,831,345,V,EastWashington,6,23,7,13,49,NL,NL,NL,NL,2013
127,831,346,H,OregonState,7,10,15,14,46,28.5,25.5,NL,NL,2013
128,831,347,V,Howard,0,10,14,0,24,NL,NL,NL,NL,2013
129,831,348,H,EasternMichigan,0,13,7,14,34,13,21.5,NL,NL,2013
130,831,349,V,McNeeseSt,2,31,10,10,53,NL,NL,NL,NL,2013
131,831,350,H,SouthFlorida,7,0,7,7,21,21,20.5,NL,NL,2013
132,831,351,V,OldDominion,3,14,14,7,38,NL,NL,NL,NL,2013
133,831,352,H,EastCarolina,7,14,14,17,52,17,15,NL,NL,2013
134,831,353,V,ArkPineBluff,0,0,11,0,11,NL,NL,NL,NL,2013
135,831,354,H,ArkansasState,14,34,14,0,62,18,38.5,NL,NL,2013
136,831,355,V,AustinPeay,0,0,0,0,0,NL,NL,NL,NL,2013
137,831,356,H,TennesseeU,21,21,3,0,45,52,49,NL,NL,2013
138,831,357,V,Wofford,0,0,3,0,3,NL,NL,NL,NL,2013
139,831,358,H,Baylor,28,10,28,3,69,28,28,NL,NL,2013
140,831,359,V,NorthernIowa,7,14,0,7,28,NL,NL,NL,NL,2013
141,831,360,H,IowaState,7,7,6,0,20,5.5,9.5,NL,NL,2013
142,831,361,V,EasternIllinois,7,12,7,14,40,NL,NL,NL,NL,2013
143,831,362,H,SanDiegoState,13,3,3,0,19,19,14,NL,NL,2013
144,901,215,V,Ohio,0,0,7,0,7,58,60,950,24.5,2013
145,901,216,H,Louisville,14,14,14,7,49,20.5,21,-1700,10.5,2013
146,901,217,V,Colorado,10,10,3,18,41,49.5,50.5,120,24.5,2013
147,901,218,H,ColoradoState,0,10,14,3,27,2.5,3,-140,1,2013
148,902,219,V,FloridaState,7,21,6,7,41,10,12.5,-540,7.5,2013
149,902,220,H,PittsburghU,7,3,3,0,13,49,47.5,420,25,2013
150,905,301,V,FloridaAtlantic,3,3,0,7,13,54,59,581,27,2013
151,905,302,H,EastCarolina,7,14,10,0,31,20.5,19.5,-750,7,2013
152,905,381,V,CSSacramento,0,0,0,0,0,NL,NL,NL,NL,2013
153,905,382,H,ArizonaState,14,28,10,3,55,37.5,38.5,NL,NL,2013
154,906,303,V,WakeForest,7,0,0,3,10,48.5,47.5,115,23.5,2013
155,906,304,H,BostonCollege,10,7,7,0,24,2.5,3,-135,pk,2013
156,906,483,V,CentralFlorida,7,17,14,0,38,23,26,-2200,11.5,2013
157,906,484,H,FloridaIntl,0,0,0,0,0,53,54,1212,23.5,2013
158,907,305,V,Florida,6,0,3,7,16,3,3.5,-165,3.5,2013
159,907,306,H,MiamiFlorida,14,0,0,7,21,49,47,145,23.5,2013
160,907,307,V,MiamiOhio,7,0,0,0,7,56.5,54.5,825,24.5,2013
161,907,308,H,Kentucky,24,7,0,10,41,17,18,-1300,8,2013
162,907,309,V,SouthFlorida,0,6,0,0,6,44,43.5,943,20,2013
163,907,310,H,MichiganState,0,7,7,7,21,22.5,23,-1400,9.5,2013
164,907,313,V,OklahomaState,14,21,7,14,56,27.5,30,-4750,11.5,2013
165,907,314,H,TexSanAntonio,7,0,0,28,35,60,61,1702,28,2013
166,907,315,V,HoustonU,3,6,6,7,22,3,3.5,-135,1,2013
167,907,316,H,Temple,6,7,0,0,13,67.5,68,115,31.5,2013
168,907,317,V,NorthTexas,7,0,7,7,21,58,60,145,0.5,2013
169,907,318,H,Ohio,7,14,0,6,27,6,3.5,-165,28,2013
170,907,319,V,MiddleTennSt,0,0,7,13,20,66.5,66.5,733,28,2013
171,907,320,H,NorthCarolina,13,10,3,14,40,17.5,20,-1000,9.5,2013
172,907,321,V,CincinnatiU,0,7,10,0,17,10,9.5,-390,6,2013
173,907,322,H,Illinois,7,14,7,17,45,54,57,310,28,2013
174,907,323,V,WestVirginia,7,0,0,0,7,57.5,55,1100,26,2013
175,907,324,H,Oklahoma,3,10,0,3,16,19,22.5,-1800,10,2013
176,907,325,V,SouthCarolina,3,21,0,6,30,56,56,145,30,2013
177,907,326,H,Georgia,10,14,10,7,41,3,3.5,-165,3,2013
178,907,327,V,SanDiegoState,0,0,7,0,7,54.5,57.5,1702,23.5,2013
179,907,328,H,OhioState,21,14,7,0,42,29,29.5,-4750,11.5,2013
180,907,329,V,UtahState,14,10,21,7,52,10.5,9.5,-330,3,2013
181,907,330,H,AirForce,6,7,0,7,20,60,57,265,30,2013
182,907,331,V,SouthAlabama,21,10,7,3,41,50.5,48.5,185,27.5,2013
183,907,332,H,Tulane,7,12,14,6,39,6,6.5,-220,4,2013
184,907,333,V,Oregon,21,7,17,14,59,22,27.5,-3300,14,2013
185,907,334,H,Virginia,7,3,0,0,10,61,63,1457,31,2013
186,907,335,V,Duke,7,0,7,14,28,5.5,4,-170,2.5,2013
187,907,336,H,Memphis,0,7,0,7,14,50,53,150,23,2013
188,907,337,V,Syracuse,0,7,6,14,27,53,55.5,615,26,2013
189,907,338,H,Northwestern,10,24,0,14,48,15.5,17,-840,7,2013
190,907,339,V,Navy,14,10,14,3,41,67,69.5,370,35,2013
191,907,340,H,Indiana,0,14,7,14,35,12.5,12.5,-470,7,2013
192,907,341,V,SouthernMiss,3,3,7,0,13,59.5,61.5,1866,27,2013
193,907,342,H,Nebraska,21,14,14,7,56,27.5,28.5,-4500,13,2013
194,907,343,V,Texas,7,7,7,0,21,6.5,8.5,-330,7,2013
195,907,344,H,BYU,10,17,13,0,40,55,56,265,30,2013
196,907,345,V,UAB,0,17,0,0,17,61.5,60,NL,28,2013
197,907,346,H,LSU,21,14,21,0,56,34,35,NL,16,2013
198,907,347,V,Toledo,3,6,14,0,23,66.5,65.5,450,31.5,2013
199,907,348,H,Missouri,10,7,14,7,38,16.5,14.5,-600,6.5,2013
200,907,349,V,ColoradoState,7,13,7,0,27,53,56,420,28,2013
201,907,350,H,Tulsa,14,0,3,13,30,12,14,-550,8.5,2013
202,907,351,V,ArkansasState,3,0,6,0,9,62,61,350,28,2013
203,907,352,H,Auburn,14,7,7,10,38,13,10.5,-440,3.5,2013
204,907,353,V,Army,7,0,7,0,14,60.5,61.5,320,28,2013
205,907,354,H,BallState,14,13,10,3,40,8,10.5,-400,7,2013
206,907,355,V,EasternMichigan,7,0,0,0,7,48.5,48.5,1866,24,2013
207,907,356,H,PennState,7,10,7,21,45,24.5,28.5,-4500,14,2013
208,907,357,V,BuffaloU,13,0,0,0,13,66,68,1952,30,2013
209,907,358,H,Baylor,28,28,7,7,70,26.5,30,-5000,11,2013
210,907,359,V,BowlingGreen,7,17,10,7,41,8,7.5,-265,3,2013
211,907,360,H,KentState,8,14,0,0,22,44.5,44,225,24,2013
212,907,361,V,WesternKentucky,3,14,3,0,20,56.5,60.5,450,28,2013
213,907,362,H,TennesseeU,24,7,14,7,52,12.5,14,-600,5.5,2013
214,907,363,V,ULLafayette,3,0,21,3,27,58.5,60.5,390,26.5,2013
215,907,364,H,KansasState,10,10,21,7,48,10,14,-500,6.5,2013
216,907,365,V,NotreDame,7,6,7,10,30,52,48,165,27,2013
217,907,366,H,Michigan,10,17,7,7,41,3.5,5.5,-190,0.5,2013
218,907,367,V,Hawaii,0,14,0,0,14,53,57,1657,27.5,2013
219,907,368,H,OregonState,7,7,14,5,33,27,27,-3500,13,2013
220,907,369,V,MinnesotaU,3,24,3,14,44,16.5,16.5,-650,7,2013
221,907,370,H,NewMexicoState,0,7,7,7,21,51,51.5,480,24.5,2013
222,907,371,V,Idaho,0,0,0,10,10,64.5,64,1702,28,2013
223,907,372,H,Wyoming,0,21,21,0,42,24.5,29.5,-4750,13.5,2013
224,907,373,V,NewMexico,7,14,0,14,42,52,50.5,220,27,2013
225,907,374,H,UTEP,0,21,7,7,35,6,7.5,-260,3.5,2013
226,907,375,V,WashingtonState,0,7,0,3,10,53,55.5,465,23.5,2013
227,907,376,H,USC,0,7,0,0,7,16.5,16,-630,8,2013
228,907,377,V,ArizonaU,17,28,3,10,58,11,14,-550,7,2013
229,907,378,H,UNLV,0,6,0,7,13,61,64.5,420,27,2013
230,907,379,V,SanJoseState,3,3,7,0,13,48.5,50,1379,24,2013
231,907,380,H,Stanford,7,10,10,7,34,25.5,25,-2500,11.5,2013
232,907,383,V,TennChat,14,7,14,7,42,10,4.5,NL,NL,2013
233,907,384,H,GeorgiaState,0,0,0,14,14,NL,NL,NL,NL,2013
234,907,385,V,NorfolkSt,0,0,0,0,0,NL,NL,NL,NL,2013
235,907,386,H,Rutgers,21,0,14,3,38,40.5,40.5,NL,NL,2013
236,907,387,V,TennesseeTech,0,0,0,0,0,NL,NL,NL,NL,2013
237,907,388,H,Wisconsin,14,14,6,14,48,45,45,NL,NL,2013
238,907,389,V,MissouriSt,0,0,0,14,14,NL,NL,NL,NL,2013
239,907,390,H,Iowa,7,0,14,7,28,24.5,26,NL,NL,2013
240,907,391,V,IndianaSt,0,0,7,7,14,NL,NL,NL,NL,2013
241,907,392,H,Purdue,7,3,7,3,20,17,18,NL,NL,2013
242,907,393,V,SELouisiana,0,14,0,3,17,NL,NL,NL,NL,2013
243,907,394,H,TCU,7,10,14,7,38,43,41,NL,NL,2013
244,907,395,V,EasternKentucky,0,0,0,7,7,NL,NL,NL,NL,2013
245,907,396,H,Louisville,14,13,10,7,44,42,41.5,NL,NL,2013
246,907,397,V,SoCarolinaSt,0,7,0,6,13,NL,NL,NL,NL,2013
247,907,398,H,Clemson,17,21,7,7,52,54.5,51,NL,NL,2013
248,907,399,V,WesternCarolina,0,0,3,0,3,NL,NL,NL,NL,2013
249,907,400,H,VirginiaTech,7,14,14,10,45,41.5,41.5,NL,NL,2013
250,907,401,V,Maine,3,7,14,0,24,3,3,NL,NL,2013
251,907,402,H,Massachusetts,7,0,0,7,14,NL,NL,NL,NL,2013
252,907,403,V,AlcornSt,0,0,0,7,7,NL,NL,NL,NL,2013
253,907,404,H,MississippiSt,14,23,7,7,51,42,42,NL,NL,2013
254,907,405,V,WeberSt,0,0,7,0,7,NL,NL,NL,NL,2013
255,907,406,H,Utah,14,35,14,7,70,23,27.5,NL,NL,2013
256,907,407,V,NewHampshire,6,7,0,8,21,NL,NL,NL,NL,2013
257,907,408,H,CentralMichigan,0,0,7,17,24,3,6.5,NL,NL,2013
258,907,409,V,TennesseeMartin,7,0,0,7,14,NL,NL,NL,NL,2013
259,907,410,H,BoiseState,14,35,14,0,63,35,35,NL,NL,2013
260,907,411,V,OldDominion,3,0,0,7,10,NL,NL,NL,NL,2013
261,907,412,H,Maryland,17,14,14,2,47,20,20.5,NL,NL,2013
262,907,413,V,UCDavis,0,7,0,0,7,NL,NL,NL,NL,2013
263,907,414,H,Nevada,13,7,13,3,36,18,19.5,NL,NL,2013
264,907,415,V,PortlandSt,14,9,7,0,30,NL,NL,NL,NL,2013
265,907,416,H,California,10,17,10,0,37,28,30.5,NL,NL,2013
266,907,417,V,Richmond,7,14,0,0,21,NL,NL,NL,NL,2013
267,907,418,H,NCState,3,10,7,3,23,31,22,NL,NL,2013
268,907,419,V,JamesMadison,13,0,11,9,33,NL,NL,NL,NL,2013
269,907,420,H,Akron,0,14,14,7,35,3.5,3,NL,NL,2013
270,907,421,V,GardnerWebb,0,0,0,0,0,NL,NL,NL,NL,2013
271,907,422,H,Marshall,14,20,21,0,55,42.5,42,NL,NL,2013
272,907,423,V,PrairieView,0,0,3,0,3,NL,NL,NL,NL,2013
273,907,424,H,TexasState,14,7,7,0,28,31.5,31,NL,NL,2013
274,907,425,V,SouthDakota,7,0,0,7,14,NL,NL,NL,NL,2013
275,907,426,H,Kansas,0,14,7,10,31,23,29,NL,NL,2013
276,907,427,V,Lamar,0,7,0,7,14,NL,NL,NL,NL,2013
277,907,428,H,LouisianaTech,7,7,3,10,27,28.5,29,NL,NL,2013
278,907,429,V,NichollsSt,14,7,0,6,27,NL,NL,NL,NL,2013
279,907,430,H,WesternMichigan,0,9,14,0,23,28.5,30,NL,NL,2013
280,907,431,V,Samford,7,0,14,0,21,NL,NL,NL,NL,2013
281,907,432,H,Arkansas,14,3,0,14,31,33,32.5,NL,NL,2013
282,907,433,V,SEMissouriSt,0,0,13,0,13,NL,NL,NL,NL,2013
283,907,434,H,Mississippi,17,14,0,0,31,50.5,50,NL,NL,2013
284,907,435,V,AustinPeay,0,0,3,0,3,NL,NL,NL,NL,2013
285,907,436,H,Vanderbilt,3,35,0,0,38,48,47.5,NL,NL,2013
286,907,437,V,SamHoustonSt,7,7,14,0,28,NL,NL,NL,NL,2013
287,907,438,H,TexasA&M,14,16,35,0,65,38.5,35.5,NL,NL,2013
288,907,439,V,Grambling,7,0,0,3,10,NL,NL,NL,NL,2013
289,907,440,H,ULMonroe,21,14,7,6,48,41.5,47.5,NL,NL,2013
290,907,441,V,StephenF.Austin,7,0,0,6,13,NL,NL,NL,NL,2013
291,907,442,H,TexasTech,28,17,16,0,61,38,35,NL,NL,2013
292,907,443,V,SavannahSt,0,3,0,0,3,NL,NL,NL,NL,2013
293,907,444,H,Troy,17,7,28,14,66,51,51,NL,NL,2013
294,907,445,V,MontanaSt,8,14,8,0,30,NL,NL,NL,NL,2013
295,907,446,H,SMU,5,14,3,9,31,10.5,10.5,NL,NL,2013
296,907,447,V,CentralArkansas,0,14,3,7,24,NL,NL,NL,NL,2013
297,907,448,H,Colorado,7,7,3,21,38,14,14,NL,NL,2013
298,907,449,V,CalPoly,0,0,10,15,25,NL,NL,NL,NL,2013
299,907,450,H,FresnoState,10,24,7,0,41,28.5,29,NL,NL,2013
300,912,103,V,TCU,0,0,3,7,10,3,3,-145,3,2013
301,912,104,H,TexasTech,10,0,0,10,20,62,61,125,27,2013
302,912,105,V,Tulane,7,0,10,7,24,57,61,230,27.5,2013
303,912,106,H,LouisianaTech,6,3,0,6,15,7.5,7,-280,3,2013
304,912,107,V,Troy,7,14,7,6,34,66.5,68.5,220,35,2013
305,912,108,H,ArkansasState,20,0,14,7,41,10,6.5,-260,3,2013
306,913,109,V,AirForce,7,10,0,3,20,57.5,59,1279,11,2013
307,913,110,H,BoiseState,7,14,7,14,42,23,24,-2400,31,2013
308,914,111,V,EasternMichigan,3,7,0,0,10,51,54,1866,24,2013
309,914,112,H,Rutgers,14,0,7,7,28,27.5,28,-4500,10.5,2013
310,914,113,V,Stanford,7,13,7,7,34,28,31,-7500,13,2013
311,914,114,H,Army,6,7,0,7,20,52,51,1811,24.5,2013
312,914,115,V,GeorgiaState,0,0,7,0,7,56.5,56,NL,24,2013
313,914,116,H,WestVirginia,10,7,3,21,41,37,40.5,NL,17.5,2013
314,914,117,V,Louisville,3,7,10,7,27,11.5,14.5,-600,5,2013
315,914,118,H,Kentucky,3,0,0,10,13,59.5,59,450,26.5,2013
316,914,119,V,Marshall,7,3,7,14,31,7.5,7.5,-300,5,2013
317,914,120,H,Ohio,7,10,7,10,34,68.5,68.5,250,32.5,2013
318,914,121,V,Akron,3,0,7,14,24,56.5,59.5,NL,26.5,2013
319,914,122,H,Michigan,7,0,14,7,28,36.5,36.5,NL,17,2013
320,914,123,V,BowlingGreen,7,3,0,0,10,63.5,62.5,120,31,2013
321,914,124,H,Indiana,7,14,7,14,42,2.5,2.5,-140,pk,2013
322,914,125,V,VirginiaTech,7,0,7,1,15,7,8,-330,3.5,2013
323,914,126,H,EastCarolina,7,0,3,0,10,51.5,46.5,265,21.5,2013
324,914,127,V,Maryland,0,13,14,5,32,7.5,6,-215,3,2013
325,914,128,H,Connecticut,7,3,3,8,21,48,47.5,180,24,2013
326,914,129,V,NewMexico,3,3,14,7,27,52,48.5,941,21.5,2013
327,914,130,H,PittsburghU,21,14,7,7,49,21,22,-1450,7.5,2013
328,914,131,V,ULMonroe,7,7,7,0,21,53.5,50,100,24.5,2013
329,914,132,H,WakeForest,7,6,0,6,19,3,1.5,-120,1,2013
330,914,133,V,WesternKentucky,14,7,0,3,24,9.5,7,-260,3,2013
331,914,134,H,SouthAlabama,7,3,11,10,31,54.5,56.5,220,27.5,2013
332,914,137,V,Nevada,0,7,0,0,7,65.5,64,NL,28,2013
333,914,138,H,FloridaState,3,14,31,14,62,32,36,NL,17.5,2013
334,914,139,V,UCLA,3,7,28,3,41,70,72,-110,3.5,2013
335,914,140,H,Nebraska,14,7,0,0,21,6,pk,-110,33.5,2013
336,914,141,V,GeorgiaTech,10,14,7,7,38,8,9.5,-330,5.5,2013
337,914,142,H,Duke,7,0,0,7,14,56,56,265,27,2013
338,914,143,V,TennesseeU,7,0,0,7,14,70,70.5,1952,30.5,2013
339,914,144,H,Oregon,10,28,21,0,59,24.5,28.5,-5000,13.5,2013
340,914,145,V,Mississippi,14,3,20,7,44,65.5,64,100,33,2013
341,914,146,H,Texas,7,16,0,0,23,2.5,2.5,-120,pk,2013
342,914,147,V,BostonCollege,0,0,0,7,7,43,43,420,20,2013
343,914,148,H,USC,7,7,7,14,35,14.5,14.5,-550,7,2013
344,914,149,V,Iowa,0,13,7,7,27,1.5,1,-115,21.5,2013
345,914,150,H,IowaState,0,0,7,14,21,48.5,46.5,-105,0.5,2013
346,914,151,V,Alabama,7,21,14,7,49,8.5,9,-310,5,2013
347,914,152,H,TexasA&M,14,0,7,21,42,62,62.5,255,31.5,2013
348,914,153,V,NoIllinois,7,14,14,10,45,27,30.5,-6500,14,2013
349,914,154,H,Idaho,14,14,0,7,35,62,63,1714,33,2013
350,914,155,V,MississippiSt,6,7,7,0,20,51,50,200,26,2013
351,914,156,H,Auburn,11,3,3,7,24,7,6.5,-240,3,2013
352,914,157,V,WashingtonU,0,10,21,3,34,10.5,10.5,-370,6,2013
353,914,158,H,Illinois,0,3,14,7,24,62.5,63.5,285,27.5,2013
354,914,159,V,CentralFlorida,7,14,10,3,34,50.5,49.5,160,26.5,2013
355,914,160,H,PennState,7,3,7,14,31,6,4.5,-185,3.5,2013
356,914,161,V,BallState,20,7,0,0,27,3,3.5,-165,0.5,2013
357,914,162,H,NorthTexas,3,13,8,10,34,61,59,145,31,2013
358,914,163,V,Memphis,0,6,3,6,15,52,51,270,24,2013
359,914,164,H,MiddleTennSt,7,7,0,3,17,4.5,9,-340,3,2013
360,914,165,V,SouthernMiss,0,3,0,0,3,49.5,50.5,1379,23,2013
361,914,166,H,Arkansas,7,3,7,7,24,22,24.5,-2500,11,2013
362,914,167,V,Vanderbilt,0,10,0,15,25,50.5,48,430,23.5,2013
363,914,168,H,SouthCarolina,21,7,7,0,35,13.5,13,-560,6,2013
364,914,169,V,Tulsa,7,0,6,7,20,49,51,1279,24,2013
365,914,170,H,Oklahoma,10,17,7,17,51,26.5,23.5,-2400,11,2013
366,914,171,V,OhioState,24,7,21,0,52,15.5,13.5,-550,7,2013
367,914,172,H,California,14,6,7,7,34,65,64,420,35,2013
368,914,173,V,Massachusetts,7,0,0,0,7,54.5,56,NL,26.5,2013
369,914,174,H,KansasState,6,21,7,3,37,38,38,NL,17,2013
370,914,175,V,FloridaAtlantic,7,7,7,7,28,43.5,45,380,23,2013
371,914,176,H,SouthFlorida,10,0,0,0,10,10.5,12,-480,6.5,2013
372,914,177,V,Kansas,0,7,7,0,14,58,61,200,27.5,2013
373,914,178,H,Rice,7,6,0,10,23,4,6.5,-240,1.5,2013
374,914,179,V,KentState,0,10,3,0,13,55,55.5,NL,24.5,2013
375,914,180,H,LSU,21,10,0,14,45,37.5,36.5,NL,14.5,2013
376,914,181,V,NotreDame,0,3,7,21,31,20.5,18,-900,10.5,2013
377,914,182,H,Purdue,7,3,7,7,24,50,48,625,23.5,2013
378,914,183,V,UTEP,14,7,7,14,42,6.5,3.5,-175,0.5,2013
379,914,184,H,NewMexicoState,14,0,7,0,21,55.5,57.5,155,28.5,2013
380,914,185,V,WesternMichigan,3,7,7,0,17,59.5,58,1597,27,2013
381,914,186,H,Northwestern,0,24,7,7,38,31.5,28.5,-5500,14,2013
382,914,187,V,TexSanAntonio,3,3,0,7,13,65,63.5,1456,28.5,2013
383,914,188,H,ArizonaU,14,10,7,7,38,25,25.5,-3000,11,2013
384,914,189,V,OregonState,10,10,14,11,51,57,54,150,27.5,2013
385,914,190,H,Utah,0,10,14,21,48,2,4,-170,3,2013
386,914,191,V,CentralMichigan,7,14,0,0,21,56,52,260,27,2013
387,914,192,H,UNLV,0,7,14,10,31,8,8,-320,5.5,2013
388,914,193,V,Wisconsin,0,14,7,9,30,52.5,57,180,28,2013
389,914,194,H,ArizonaState,3,10,6,13,32,5.5,6.5,-220,4.5,2013
390,914,241,V,WesternIllinois,6,0,6,0,12,NL,NL,NL,NL,2013
391,914,242,H,MinnesotaU,0,7,8,14,29,26,26.5,NL,NL,2013
392,914,243,V,Fordham,3,10,7,10,30,NL,NL,NL,NL,2013
393,914,244,H,Temple,0,7,7,15,29,21,20.5,NL,NL,2013
394,914,245,V,YoungstownSt,3,7,7,0,17,NL,NL,NL,NL,2013
395,914,246,H,MichiganState,21,14,14,6,55,23.5,22.5,NL,NL,2013
396,914,247,V,NO.Colorado,0,0,0,7,7,NL,NL,NL,NL,2013
397,914,248,H,Wyoming,7,14,0,14,35,27.5,28,NL,NL,2013
398,914,249,V,CalPoly,3,7,7,0,17,NL,NL,NL,NL,2013
399,914,250,H,ColoradoState,13,14,0,7,34,7,7,NL,NL,2013
400,914,251,V,StonyBrook,0,0,0,10,23,NL,NL,NL,NL,2013
401,914,252,H,BuffaloU,3,0,7,0,26,13,13,NL,NL,2013
402,914,253,V,Delaware,0,7,0,0,7,NL,NL,NL,NL,2013
403,914,254,H,Navy,10,13,14,14,51,17,17,NL,NL,2013
404,914,255,V,Wagner,0,0,0,0,0,NL,NL,NL,NL,2013
405,914,256,H,Syracuse,9,28,17,0,54,30,30,NL,NL,2013
406,914,257,V,BethuneCookman,7,7,14,6,34,3,3.5,NL,NL,2013
407,914,258,H,FloridaIntl,0,7,0,6,13,NL,NL,NL,NL,2013
408,914,259,V,Lamar,0,3,0,0,3,NL,NL,NL,NL,2013
409,914,260,H,OklahomaState,21,10,21,7,59,47,48.5,NL,NL,2013
410,914,261,V,NichollsSt,0,7,0,0,7,NL,NL,NL,NL,2013
411,914,262,H,ULLafayette,28,21,14,7,70,27,26.5,NL,NL,2013
412,914,263,V,NorthwesternSt,0,9,0,0,9,NL,NL,NL,NL,2013
413,914,264,H,CincinnatiU,14,21,10,21,66,30,29.5,NL,NL,2013
414,914,265,V,EastWashington,14,0,0,7,21,NL,NL,NL,NL,2013
415,914,266,H,Toledo,13,3,7,10,33,8,8,NL,NL,2013
416,914,267,V,WeberSt,0,0,0,6,6,NL,NL,NL,NL,2013
417,914,268,H,UtahState,21,28,21,0,70,40,40,NL,NL,2013
418,914,269,V,SouthernUtah,3,7,0,0,10,NL,NL,NL,NL,2013
419,914,270,H,WashingtonState,14,14,13,7,48,21,21.5,NL,NL,2013
420,919,303,V,Clemson,3,10,7,6,26,14,14,-675,7,2013
421,919,304,H,NCState,0,7,0,7,14,66,66,490,31,2013
422,920,305,V,BoiseState,10,9,7,14,40,68,70,150,37.5,2013
423,920,306,H,FresnoState,10,14,10,7,41,4,4,-170,1.5,2013
424,921,307,V,NorthTexas,0,14,7,0,21,67.5,64,8362,31,2013
425,921,308,H,Georgia,7,14,14,10,45,36.5,34,-15888,17,2013
426,921,309,V,FloridaIntl,0,0,0,0,0,57.5,55.5,39000,21.5,2013
427,921,310,H,Louisville,10,28,20,14,72,41,41,-81000,14.5,2013
428,921,311,V,WesternMichigan,0,3,0,0,3,47.5,47,520,20.5,2013
429,921,312,H,Iowa,10,28,14,7,59,19,16.5,-670,7,2013
430,921,313,V,Vanderbilt,7,3,0,14,24,36,29.5,-6863,14,2013
431,921,314,H,Massachusetts,0,7,0,0,7,54.5,55,3887,26,2013
432,921,315,V,TennesseeU,7,0,3,7,17,48,47.5,490,21,2013
433,921,316,H,Florida,3,14,7,7,31,15.5,16.5,-640,7,2013
434,921,317,V,WakeForest,0,10,8,7,25,3,2.5,-135,pk,2013
435,921,318,H,Army,2,3,6,0,11,47.5,49,115,23,2013
436,921,319,V,PittsburghU,20,17,14,7,58,6,4.5,-200,0.5,2013
437,921,320,H,Duke,7,21,7,20,55,51,51.5,170,27.5,2013
438,921,321,V,Michigan,7,0,7,10,24,18.5,18.5,-1090,11,2013
439,921,322,H,Connecticut,0,14,7,0,21,52,51,790,24,2013
440,921,323,V,Purdue,0,10,0,0,10,47.5,48.5,1362,23,2013
441,921,324,H,Wisconsin,14,10,10,7,41,22.5,22,-1888,10,2013
442,921,325,V,BallState,27,7,17,0,51,8,10,-385,3.5,2013
443,921,326,H,EasternMichigan,6,7,7,0,20,55.5,59,305,28,2013
444,921,327,V,KentState,0,0,0,0,0,54,54,1100,22.5,2013
445,921,328,H,PennState,7,7,7,13,34,14,23.5,-1650,10,2013
446,921,329,V,Marshall,7,14,0,0,21,51,48.5,270,24.5,2013
447,921,330,H,VirginiaTech,14,0,0,7,29,11,8,-330,5.5,2013
448,921,331,V,CincinnatiU,0,0,0,14,14,24,24.5,-1825,13.5,2013
449,921,332,H,MiamiOhio,0,0,0,0,0,54.5,55,1125,24,2013
450,921,333,V,NorthCarolina,13,7,0,0,20,56.5,59.5,215,29,2013
451,921,334,H,GeorgiaTech,0,14,7,7,28,3.5,7,-265,4,2013
452,921,335,V,WestVirginia,0,0,0,0,0,52.5,54,155,23,2013
453,921,336,H,Maryland,14,16,0,7,37,4.5,3.5,-180,pk,2013
454,921,337,V,SanJoseState,0,17,0,7,24,51.5,51,160,27,2013
455,921,338,H,MinnesotaU,7,13,9,14,43,6.5,4,-185,0.5,2013
456,921,339,V,Troy,7,0,0,0,7,60,58.5,450,27,2013
457,921,340,H,MississippiSt,10,35,7,10,62,13,13,-575,6,2013
458,921,341,V,ULMonroe,0,7,0,0,7,72.5,74.5,4250,34.5,2013
459,921,342,H,Baylor,35,14,21,0,70,30,30.5,-7750,11.5,2013
460,921,343,V,Wyoming,14,28,7,7,56,2.5,4,-190,3,2013
461,921,344,H,AirForce,10,7,0,6,23,64,65.5,165,33,2013
462,921,345,V,Utah,3,10,0,7,20,61.5,61,240,28.5,2013
463,921,346,H,BYU,0,0,6,7,13,6.5,7,-300,6.5,2013
464,921,347,V,Hawaii,3,6,0,0,9,56.5,53.5,210,26.5,2013
465,921,348,H,Nevada,7,10,7,7,31,14,6.5,-260,0.5,2013
466,921,349,V,UtahState,0,7,7,0,14,52,50,215,24.5,2013
467,921,350,H,USC,7,7,0,3,17,7,7,-265,2.5,2013
468,921,351,V,SMU,3,3,0,7,13,82,80.5,3056,36.5,2013
469,921,352,H,TexasA&M,14,18,10,0,42,26.5,27.5,-5069,11,2013
470,921,353,V,Rice,13,0,0,13,26,64.5,63,145,32.5,2013
471,921,354,H,HoustonU,7,10,7,7,31,4,3.5,-165,1.5,2013
472,921,355,V,MichiganState,0,7,3,3,13,43,42.5,165,20.5,2013
473,921,356,H,NotreDame,3,7,0,7,17,6,4,-190,0.5,2013
474,921,357,V,KansasState,0,7,0,14,21,58,60.5,210,28.5,2013
475,921,358,H,Texas,10,7,7,7,31,7,6,-250,0.5,2013
476,921,359,V,ArkansasState,7,0,0,0,7,3,3.5,-175,3.5,2013
477,921,360,H,Memphis,14,10,7,0,31,54,52,155,25.5,2013
478,921,361,V,LouisianaTech,7,0,3,0,10,49,51.5,315,24.5,2013
479,921,362,H,Kansas,0,3,0,10,13,9,10,-395,5.5,2013
480,921,363,V,ColoradoState,0,0,6,0,6,51.5,55,21450,24,2013
481,921,364,H,Alabama,7,10,0,14,31,36.5,39.5,-44550,16.5,2013
482,921,365,V,Arkansas,10,0,14,0,24,45.5,42.5,-105,20.5,2013
483,921,366,H,Rutgers,0,7,7,14,28,pk,1,-115,pk,2013
484,921,367,V,ArizonaState,0,0,7,21,28,52,52,220,22.5,2013
485,921,368,H,Stanford,13,16,10,3,42,6.5,7,-270,2.5,2013
486,921,369,V,ULLafayette,7,7,7,14,35,6,7.5,-305,4,2013
487,921,370,H,Akron,0,14,3,13,30,65,63.5,245,31,2013
488,921,371,V,Idaho,0,0,0,0,0,55.5,57,4900,23.5,2013
489,921,372,H,WashingtonState,7,21,7,7,42,35,31.5,-9100,13.5,2013
490,921,373,V,MiddleTennSt,7,7,7,14,42,4,3,-155,pk,2013
491,921,374,H,FloridaAtlantic,0,7,14,14,35,50,49.5,135,24,2013
492,921,375,V,Tulane,10,7,0,0,17,54,53,600,26.5,2013
493,921,376,H,Syracuse,21,21,7,3,52,10.5,17.5,-800,7,2013
494,921,377,V,Toledo,14,7,3,14,38,14,13.5,-535,6.5,2013
495,921,378,H,CentralMichigan,7,7,3,0,17,57,57.5,410,28,2013
496,921,379,V,TexasState,0,0,7,0,7,54,56.5,2012,24.5,2013
497,921,380,H,TexasTech,3,10,10,10,33,25,27,-3238,12,2013
498,921,381,V,OregonState,14,0,0,20,34,8,7,-280,5,2013
499,921,382,H,SanDiegoState,14,10,3,3,30,53,54.5,230,28,2013
500,921,383,V,Auburn,0,0,14,7,21,57,53.5,660,23,2013
501,921,384,H,LSU,14,7,7,7,35,14,17.5,-910,7,2013
502,921,385,V,TexSanAntonio,7,18,0,7,32,59,2.5,-140,1.5,2013
503,921,386,H,UTEP,10,0,3,0,13,1,58.5,120,27.5,2013
504,921,387,V,Missouri,14,14,3,14,45,3,3,-150,36.5,2013
505,921,388,H,Indiana,0,14,0,14,28,69.5,70,130,pk,2013
506,921,389,V,NewMexicoState,0,0,0,13,13,65,66.5,45500,27.5,2013
507,921,390,H,UCLA,7,24,14,14,59,38,44,-94500,16.5,2013
508,921,431,V,JacksonvilleSt,7,13,3,3,32,10,10.5,-475,3.5,2013
509,921,432,H,GeorgiaState,9,0,0,17,26,NL,53.5,405,25,2013
510,921,433,V,SavannahSt,0,0,7,0,7,NL,63.5,NL,28,2013
511,921,434,H,MiamiFlorida,21,28,28,0,77,61,58,NL,17.5,2013
512,921,435,V,BethuneCookman,0,0,6,0,6,NL,54.5,26000,24,2013
513,921,436,H,FloridaState,10,23,21,0,54,40,40,-54000,14.5,2013
514,921,437,V,Maine,0,0,7,14,21,NL,58.5,4900,28,2013
515,921,438,H,Northwestern,7,7,7,14,35,28,29,-9100,13.5,2013
516,921,439,V,FloridaA&M,0,0,0,0,0,NL,61.5,NL,24.5,2013
517,921,440,H,OhioState,34,21,14,7,76,51.5,52,NL,20,2013
518,921,441,V,VMI,0,0,0,0,0,NL,47.5,104000,21.5,2013
519,921,442,H,Virginia,0,21,21,7,49,41,44.5,-66000,18.5,2013
520,921,443,V,SouthDakotaSt,17,0,0,3,20,NL,61,1565,28.5,2013
521,921,444,H,Nebraska,14,24,14,7,59,21.5,21,-2335,9.5,2013
522,921,445,V,AustinPeay,0,0,0,0,0,NL,48.5,13000,23,2013
523,921,446,H,Ohio,14,7,7,10,38,30,36.5,-27000,14.5,2013
524,921,447,V,NorthwesternSt,7,7,14,0,28,NL,65,1305,31,2013
525,921,448,H,UAB,17,14,14,7,52,16,20.5,-1795,8,2013
526,921,449,V,MurraySt,0,0,7,0,7,NL,71,2587,32.5,2013
527,921,450,H,BowlingGreen,6,21,14,7,48,26,26,-4163,10,2013
528,921,451,V,IdahoSt,0,0,0,0,0,NL,52.5,NL,20,2013
529,921,452,H,WashingtonU,21,21,7,7,56,49,50.5,NL,17,2013
530,921,453,V,MorganSt,7,0,10,0,17,NL,53,13000,26,2013
531,921,454,H,WesternKentucky,21,21,7,9,58,31,35,-27000,14.5,2013
532,921,455,V,EasternIllinois,20,0,6,13,39,NL,77,559,37,2013
533,921,456,H,NoIllinois,6,17,10,10,43,17,14,-716,7.5,2013
534,921,457,V,WesternIllinois,0,0,7,0,7,NL,49,587,23,2013
535,921,458,H,UNLV,10,7,14,7,38,14,14,-763,6,2013
536,926,103,V,VirginiaTech,7,7,0,3,17,41.5,43.5,240,21,2013
537,926,104,H,GeorgiaTech,0,3,7,0,10,7.5,7.5,-290,4.5,2013
538,926,105,V,IowaState,7,7,14,10,38,54,54,130,28,2013
539,926,106,H,Tulsa,0,14,0,7,21,3,3,-150,3,2013
540,927,107,V,MiddleTennSt,10,0,0,0,10,59.5,58.5,1271,28,2013
541,927,108,H,BYU,7,16,14,0,37,21.5,23,-2600,14,2013
542,927,109,V,UtahState,14,9,14,3,40,9.5,10.5,-470,6.5,2013
543,927,110,H,SanJoseState,3,3,6,0,12,61,63,370,30.5,2013
544,928,111,V,Virginia,0,0,3,0,3,52,50,195,21,2013
545,928,112,H,PittsburghU,14,0,0,0,14,7,6,-230,1.5,2013
546,928,113,V,NoIllinois,10,17,21,7,55,4,4,-170,0.5,2013
547,928,114,H,Purdue,7,3,7,7,24,58,59,150,28.5,2013
548,928,115,V,Troy,7,14,7,3,31,67,68,390,35,2013
549,928,116,H,Duke,14,14,7,3,38,11,13.5,-500,7,2013
550,928,117,V,Connecticut,3,9,0,0,12,2.5,1.5,-115,2.5,2013
551,928,118,H,BuffaloU,14,14,6,7,41,49,47.5,-105,24.5,2013
552,928,119,V,Toledo,10,0,0,14,24,66,67,105,0.5,2013
553,928,120,H,BallState,10,7,0,14,31,3,1.5,-125,32.5,2013
554,928,121,V,CentralMichigan,0,0,0,14,14,52,52.5,1139,23,2013
555,928,122,H,NCState,7,28,3,10,48,23,24,-2000,10,2013
556,928,123,V,KentState,7,8,7,10,32,51.5,2,-130,0.5,2013
557,928,124,H,WesternMichigan,0,7,7,0,14,3,50.5,110,24.5,2013
558,928,125,V,EastCarolina,14,14,14,13,55,59,60,375,31,2013
559,928,126,H,NorthCarolina,3,7,14,7,31,11,12.5,-475,9.5,2013
560,928,127,V,FloridaState,3,21,14,10,48,22,24.5,-4000,13.5,2013
561,928,128,H,BostonCollege,14,3,10,7,34,52,55,1500,28,2013
562,928,129,V,UAB,3,3,3,15,24,55.5,59,825,27,2013
563,928,130,H,Vanderbilt,7,17,7,21,52,20,20,-1300,7.5,2013
564,928,131,V,MiamiOhio,0,0,7,7,14,51,49,1768,21,2013
565,928,132,H,Illinois,7,29,7,7,50,24.5,28.5,-4000,13,2013
566,928,133,V,SMU,7,3,0,7,17,52.5,50.5,700,24.5,2013
567,928,134,H,TCU,0,7,10,31,48,19,17,-1150,10,2013
568,928,135,V,ArkansasState,6,7,3,3,19,62.5,63,1200,31,2013
569,928,136,H,Missouri,7,7,6,21,41,21,22.5,-2000,10.5,2013
570,928,137,V,Iowa,3,14,3,3,23,pk,2.5,-135,21,2013
571,928,138,H,MinnesotaU,0,0,7,0,7,47.5,44,115,pk,2013
572,928,139,V,UTEP,7,0,21,14,42,51.5,53,420,24.5,2013
573,928,140,H,ColoradoState,14,14,9,22,59,13,13.5,-550,7,2013
574,928,141,V,LSU,14,3,10,14,41,61.5,63.5,120,0.5,2013
575,928,142,H,Georgia,14,10,10,10,44,3,3,-140,31,2013
576,928,143,V,ArizonaU,0,6,7,0,13,63.5,59,280,27,2013
577,928,144,H,WashingtonU,8,3,14,6,31,7,9.5,-360,3.5,2013
578,928,145,V,Mississippi,0,0,0,0,0,57,56,525,23.5,2013
579,928,146,H,Alabama,3,6,7,9,25,17,14.5,-725,5.5,2013
580,928,147,V,California,0,3,7,6,16,84,81,NL,31,2013
581,928,148,H,Oregon,27,14,14,0,55,35.5,39.5,NL,16,2013
582,928,149,V,USC,7,7,7,20,41,50.5,49,150,1,2013
583,928,150,H,ArizonaState,7,13,28,14,62,7,4,-170,26,2013
584,928,151,V,Army,14,7,7,7,35,55.5,52,140,26,2013
585,928,152,H,LouisianaTech,0,9,7,0,16,1,3.5,-160,3,2013
586,928,153,V,TexasA&M,17,7,14,7,45,14,14.5,-610,7,2013
587,928,154,H,Arkansas,7,13,13,0,33,62,67,460,36,2013
588,928,155,V,Oklahoma,14,7,6,8,35,3,4.5,-185,0.5,2013
589,928,156,H,NotreDame,7,0,7,7,21,48.5,50,160,24,2013
590,928,157,V,SouthernMiss,0,7,0,0,7,56.5,58,1714,26,2013
591,928,158,H,BoiseState,7,23,17,13,60,26,29,-6500,11.5,2013
592,928,159,V,MiamiFlorida,21,14,14,0,49,19,18.5,-1200,7,2013
593,928,160,H,SouthFlorida,7,0,0,14,21,48.5,47.5,800,21.5,2013
594,928,161,V,WakeForest,7,0,0,0,7,58.5,58,1714,26.5,2013
595,928,162,H,Clemson,21,14,14,7,56,27.5,29.5,-6500,10.5,2013
596,928,163,V,Temple,3,0,7,14,24,9.5,7.5,-300,5.5,2013
597,928,164,H,Idaho,7,10,3,6,26,55,57,250,27,2013
598,928,165,V,Tulane,3,7,21,0,31,57,55,390,24.5,2013
599,928,166,H,ULMonroe,0,0,7,7,14,11.5,12.5,-500,6.5,2013
600,928,167,V,HoustonU,7,14,10,28,59,2.5,63,110,33.5,2013
601,928,168,H,TexSanAntonio,7,14,7,0,28,62.5,2,-130,1.5,2013
602,928,169,V,Akron,14,0,0,0,14,53.5,54.5,480,27,2013
603,928,170,H,BowlingGreen,3,7,14,7,31,15.5,15,-650,7.5,2013
604,928,171,V,Colorado,3,0,0,14,17,60.5,55.5,390,26,2013
605,928,172,H,OregonState,10,7,21,6,44,10.5,12,-500,6,2013
606,928,173,V,SouthCarolina,0,0,14,14,28,7.5,7,-300,4,2013
607,928,174,H,CentralFlorida,7,3,0,15,25,53,54,250,23,2013
608,928,175,V,Florida,7,14,0,3,24,14,12,-470,5.5,2013
609,928,176,H,Kentucky,7,0,0,0,7,45.5,46,370,23.5,2013
610,928,177,V,Stanford,10,7,21,17,55,10,9.5,-400,4,2013
611,928,178,H,WashingtonState,3,0,0,14,17,48,47.5,320,23.5,2013
612,928,179,V,Wyoming,0,14,0,7,21,11,11,-420,4.5,2013
613,928,180,H,TexasState,7,7,14,14,42,56.5,57.5,330,29,2013
614,928,181,V,Navy,7,0,0,0,7,1,4,-175,1,2013
615,928,182,H,WesternKentucky,0,3,7,9,19,58,61,155,27,2013
616,928,183,V,FloridaAtlantic,7,0,0,7,14,52.5,54,530,24.5,2013
617,928,184,H,Rice,3,3,0,12,18,13.5,14.5,-730,7,2013
618,928,185,V,SouthAlabama,7,0,10,7,24,54.5,56,650,26,2013
619,928,186,H,TennesseeU,10,14,7,0,31,19.5,17,-1000,7.5,2013
620,928,187,V,AirForce,7,14,14,7,42,62,58.5,370,30.5,2013
621,928,188,H,Nevada,7,10,7,21,45,7,12.5,-470,6.5,2013
622,928,189,V,OklahomaState,7,7,7,0,21,21,20,-1400,13,2013
623,928,190,H,WestVirginia,14,10,0,6,30,57,60.5,850,30.5,2013
624,928,191,V,Wisconsin,7,7,0,10,24,54,58,255,28.5,2013
625,928,192,H,OhioState,14,10,7,0,31,7.5,7.5,-310,3,2013
626,928,193,V,UNLV,14,21,7,14,56,2,53.5,105,31.5,2013
627,928,194,H,NewMexico,21,14,7,0,42,54,1.5,-125,pk,2013
628,928,195,V,SanDiegoState,0,5,6,15,26,18,16.5,-800,9,2013
629,928,196,H,NewMexicoState,10,6,0,0,16,54,54.5,575,27,2013
630,928,197,V,FresnoState,14,7,21,0,42,18.5,17.5,-900,10,2013
631,928,198,H,Hawaii,0,3,14,20,37,58.5,59,625,25.5,2013
632,1003,303,V,Texas,10,7,7,7,31,9,7.5,-300,2.5,2013
633,1003,304,H,IowaState,0,13,7,10,30,56.5,55.5,250,27,2013
634,1003,305,V,WesternKentucky,14,0,10,7,31,4.5,8,-345,3,2013
635,1003,306,H,ULMonroe,7,3,0,0,10,48.5,49.5,275,24.5,2013
636,1003,307,V,UCLA,7,14,3,10,34,4,6.5,-240,1.5,2013
637,1003,308,H,Utah,14,3,0,10,27,60.5,65.5,200,34.5,2013
638,1004,309,V,BYU,10,7,14,0,31,57.5,55.5,210,0.5,2013
639,1004,310,H,UtahState,7,0,0,7,14,6,6.5,-250,23.5,2013
640,1004,311,V,Nevada,7,10,6,21,44,57,61.5,180,31,2013
641,1004,312,H,SanDiegoState,7,16,21,0,51,5,6,-220,1,2013
642,1005,313,V,AirForce,3,7,0,0,10,55.5,56,425,27,2013
643,1005,314,H,Navy,0,7,7,14,28,11,14,-550,6.5,2013
644,1005,315,V,MichiganState,0,10,10,6,26,39.5,37,103,0.5,2013
645,1005,316,H,Iowa,0,14,0,0,14,2,1.5,-123,20,2013
646,1005,317,V,Louisville,10,14,3,3,30,30,33,-16500,14,2013
647,1005,318,H,Temple,0,0,0,7,7,58,58.5,6500,24.5,2013
648,1005,319,V,WesternMichigan,0,7,0,13,20,60,58.5,1375,27.5,2013
649,1005,320,H,Toledo,13,10,24,0,47,17.5,23.5,-2400,10.5,2013
650,1005,321,V,EasternMichigan,0,7,0,7,14,54,52.5,400,24.5,2013
651,1005,322,H,BuffaloU,14,14,14,0,42,11,13,-500,6.5,2013
652,1005,323,V,GeorgiaState,0,0,3,0,3,60,59,333333,23.5,2013
653,1005,324,H,Alabama,21,17,7,0,45,56,54,-400000,20.5,2013
654,1005,325,V,Army,10,10,7,0,27,51.5,50.5,345,27.5,2013
655,1005,326,H,BostonCollege,14,17,7,10,48,10,11,-430,6.5,2013
656,1005,327,V,CentralMichigan,0,7,7,7,21,4.5,3,-147,0.5,2013
657,1005,328,H,MiamiOhio,3,0,6,0,9,48,48,127,21,2013
658,1005,329,V,BallState,7,10,14,17,48,47,49,150,28,2013
659,1005,330,H,Virginia,10,7,7,3,27,5,3.5,-170,2.5,2013
660,1005,331,V,Maryland,0,0,0,0,0,57.5,57,575,25.5,2013
661,1005,332,H,FloridaState,7,14,21,21,63,17.5,17.5,-850,10.5,2013
662,1005,333,V,GeorgiaTech,17,0,0,13,30,53.5,56,180,29,2013
663,1005,334,H,MiamiFlorida,7,10,7,21,45,4,5.5,-220,4.5,2013
664,1005,335,V,Clemson,21,14,7,7,49,13.5,13.5,-550,6.5,2013
665,1005,336,H,Syracuse,0,7,7,0,14,64.5,65,425,30.5,2013
666,1005,337,V,NCState,0,10,3,0,13,9.5,8,-310,6.5,2013
667,1005,338,H,WakeForest,7,7,7,7,28,47.5,47.5,255,25.5,2013
668,1005,339,V,Illinois,0,5,7,7,19,64,63,280,31,2013
669,1005,340,H,Nebraska,14,9,13,3,39,9.5,8,-340,2.5,2013
670,1005,341,V,TexSanAntonio,0,3,0,7,10,65.5,65,500,28.5,2013
671,1005,342,H,Marshall,17,7,0,10,34,9.5,16.5,-700,7,2013
672,1005,343,V,NorthTexas,0,0,7,14,21,54,3,-155,3,2013
673,1005,344,H,Tulane,0,7,14,3,24,pk,53.5,135,22.5,2013
674,1005,345,V,Oregon,29,14,14,0,57,35,38,-33000,14,2013
675,1005,346,H,Colorado,10,6,0,0,16,68,69.5,11000,30,2013
676,1005,347,V,Georgia,10,7,0,14,34,10.5,13.5,-525,6,2013
677,1005,348,H,TennesseeU,0,3,14,14,31,63,65,415,28.5,2013
678,1005,349,V,Arkansas,7,0,3,0,10,43.5,40.5,400,19.5,2013
679,1005,350,H,Florida,0,17,7,6,30,12.5,12.5,-500,4.5,2013
680,1005,351,V,LSU,14,14,3,28,59,9.5,7,-290,2.5,2013
681,1005,352,H,MississippiSt,9,14,3,0,26,54.5,55,245,29.5,2013
682,1005,353,V,Rice,14,10,0,0,30,55,54.5,135,27,2013
683,1005,354,H,Tulsa,10,0,3,11,27,2.5,3,-155,3.5,2013
684,1005,355,V,NorthCarolina,0,7,3,7,17,45,45.5,265,23,2013
685,1005,356,H,VirginiaTech,7,14,0,6,27,6.5,8,-325,3.5,2013
686,1005,357,V,TCU,0,0,10,7,17,48,47,335,21,2013
687,1005,358,H,Oklahoma,3,10,0,7,20,10,10.5,-420,6.5,2013
688,1005,359,V,CincinnatiU,0,6,0,14,20,13.5,10.5,-390,7,2013
689,1005,360,H,SouthFlorida,10,13,3,0,26,48,47,320,22.5,2013
690,1005,361,V,KansasState,7,7,7,8,29,58,61.5,400,29.5,2013
691,1005,362,H,OklahomaState,7,10,6,10,33,14,13,-500,7,2013
692,1005,363,V,Missouri,20,10,14,7,51,57,3,-147,0.5,2013
693,1005,364,H,Vanderbilt,0,7,14,7,28,2.5,56.5,127,25.5,2013
694,1005,365,V,MinnesotaU,7,0,3,3,13,50,51,775,23.5,2013
695,1005,366,H,Michigan,7,7,14,14,42,16.5,18,-1200,7.5,2013
696,1005,367,V,CentralFlorida,3,0,7,14,24,10,9.5,-380,6.5,2013
697,1005,368,H,Memphis,7,0,3,7,17,49.5,48,315,21.5,2013
698,1005,369,V,Rutgers,14,7,14,0,55,3,3.5,-175,0.5,2013
699,1005,370,H,SMU,0,7,7,21,52,55,54,155,27,2013
700,1005,371,V,FresnoState,28,19,7,7,61,25,27.5,-7000,11,2013
701,1005,372,H,Idaho,0,0,0,14,14,64,68.5,3000,27,2013
702,1005,373,V,TexasState,0,3,7,14,24,55,55,350,26,2013
703,1005,374,H,ULLafayette,14,14,17,3,48,10,10.5,-440,4,2013
704,1005,375,V,SouthAlabama,7,0,6,20,33,61.5,62.5,155,31,2013
705,1005,376,H,Troy,7,10,7,10,34,2.5,3.5,-175,pk,2013
706,1005,377,V,NewMexicoState,0,14,3,0,17,58,59.5,350,29.5,2013
707,1005,378,H,NewMexico,21,21,10,14,66,7,12.5,-440,6.5,2013
708,1005,379,V,WashingtonState,14,7,14,9,44,64.5,2,-130,35.5,2013
709,1005,380,H,California,0,15,7,0,22,1.5,66,110,0.5,2013
710,1005,381,V,WashingtonU,0,7,14,7,28,53,52.5,265,24.5,2013
711,1005,382,H,Stanford,7,10,14,0,31,6.5,8.5,-325,3,2013
712,1005,383,V,NoIllinois,7,14,7,10,38,9.5,8.5,-330,4,2013
713,1005,384,H,KentState,7,10,7,0,24,62.5,64,270,33.5,2013
714,1005,385,V,Mississippi,3,3,10,6,22,1,3,-135,1,2013
715,1005,386,H,Auburn,13,7,7,3,30,56.5,58,115,28.5,2013
716,1005,387,V,Kentucky,0,7,0,21,28,55,54,1075,24,2013
717,1005,388,H,SouthCarolina,14,10,3,8,35,21,21.5,-1650,9.5,2013
718,1005,389,V,FloridaIntl,0,21,0,3,24,47.5,48.5,525,25.5,2013
719,1005,390,H,SouthernMiss,7,9,7,0,23,14.5,16.5,-750,10,2013
720,1005,391,V,Massachusetts,0,0,0,7,7,52,48.5,2000,21.5,2013
721,1005,392,H,BowlingGreen,0,14,14,0,28,23,27,-4000,11.5,2013
722,1005,393,V,FloridaAtlantic,3,20,6,8,37,52.5,52.5,145,27.5,2013
723,1005,394,H,UAB,10,3,10,0,23,7,3.5,-165,3.5,2013
724,1005,395,V,TexasTech,0,20,17,17,54,17,16.5,-850,7.5,2013
725,1005,396,H,Kansas,10,0,0,6,16,53,55.5,575,27.5o,2013
726,1005,397,V,EastCarolina,7,7,3,7,24,9.5,8,-320,3,2013
727,1005,398,H,MiddleTennSt,10,0,7,0,17,61,62.5,260,31,2013
728,1005,399,V,Ohio,9,21,3,10,43,3,3,-157,0.5,2013
729,1005,400,H,Akron,3,0,0,0,3,57,56.5,137,24.5,2013
730,1005,401,V,ArizonaState,0,13,0,21,34,6.5,7,-245,4,2013
731,1005,402,H,NotreDame,0,14,10,13,37,63,63.5,205,32,2013
732,1005,403,V,WestVirginia,7,7,7,21,42,67,69.5,1900,30.5,2013
733,1005,404,H,Baylor,28,28,10,7,73,21,30,-3800,12.5,2013
734,1005,405,V,LouisianaTech,14,10,7,7,38,58.5,1.5,-123,0.5,2013
735,1005,406,H,UTEP,7,7,14,7,35,pk,60.5,103,30.5,2013
736,1005,407,V,OhioState,10,3,7,20,40,4,7,-270,4.5,2013
737,1005,408,H,Northwestern,7,13,3,7,30,58,61,230,31,2013
738,1005,409,V,PennState,0,7,10,7,24,2.5,3.5,-175,1,2013
739,1005,410,H,Indiana,7,6,8,23,44,64,66,155,32.5,2013
740,1005,411,V,SanJoseState,10,17,7,3,37,4.5,3.5,-165,29,2013
741,1005,412,H,Hawaii,14,0,7,6,27,55.5,57,145,0.5,2013
742,1010,103,V,Rutgers,0,7,0,3,10,55,57,900,26.5,2013
743,1010,104,H,Louisville,3,14,0,7,24,16.5,19,-1500,10,2013
744,1010,105,V,SanDiegoState,6,0,0,21,27,3,4,-180,1.5,2013
745,1010,106,H,AirForce,0,10,10,0,20,55,54,157,24,2013
746,1010,107,V,ArizonaU,0,10,7,14,31,48.5,49,180,26,2013
747,1010,108,H,USC,14,14,3,7,38,4,6,-220,3,2013
748,1011,109,V,Temple,13,7,0,0,20,51.5,54.5,1075,29,2013
749,1011,110,H,CincinnatiU,7,21,10,0,38,21.5,21,-1900,12,2013
750,1012,111,V,Oklahoma,3,7,3,7,20,11.5,13.5,-520,7,2013
751,1012,112,H,Texas,10,13,13,0,36,56.5,57.5,395,28.5,2013
752,1012,113,V,Indiana,7,7,7,7,28,54,53.5,300,27.5,2013
753,1012,114,H,MichiganState,0,21,14,7,42,6,10,-370,4,2013
754,1012,115,V,PittsburghU,0,3,0,6,9,42.5,43,240,20.5,2013
755,1012,116,H,VirginiaTech,10,0,6,3,19,7,7.5,-300,2.5,2013
756,1012,117,V,MiamiOhio,0,7,3,0,10,45,45.5,200,23,2013
757,1012,118,H,Massachusetts,7,0,7,3,17,2.5,6.5,-235,3.5,2013
758,1012,119,V,BostonCollege,0,7,7,0,14,61,64,1350,30,2013
759,1012,120,H,Clemson,0,3,7,14,24,21,24,-2550,13.5,2013
760,1012,121,V,BuffaloU,6,0,17,10,33,7.5,10,-380,3.5,2013
761,1012,122,H,WesternMichigan,0,0,0,0,0,52,50,300,23.5,2013
762,1012,123,V,CentralMichigan,7,3,3,13,26,53.5,51.5,850,25,2013
763,1012,124,H,Ohio,3,0,7,13,23,10.5,20,-1200,11.5,2013
764,1012,125,V,EasternMichigan,15,3,0,7,25,52.5,58,295,29,2013
765,1012,126,H,Army,15,7,21,7,50,7,10.5,-365,4.5,2013
766,1012,127,V,Virginia,6,10,0,10,26,44,40.5,200,23,2013
767,1012,128,H,Maryland,7,7,6,7,27,4,6,-235,4.5,2013
768,1012,129,V,SouthFlorida,7,3,0,3,13,41,40,165,21,2013
769,1012,130,H,Connecticut,3,7,0,0,10,6,4,-190,3,2013
770,1012,131,V,Navy,0,7,0,0,7,56.5,57,160,28.5,2013
771,1012,132,H,Duke,0,14,14,7,35,3.5,4,-185,pk,2013
772,1012,133,V,Troy,7,7,7,14,35,16,15,-630,7,2013
773,1012,134,H,GeorgiaState,7,0,14,7,28,62,62,480,31,2013
774,1012,135,V,TexasA&M,14,0,7,20,41,5,7,-280,3,2013
775,1012,136,H,Mississippi,7,3,7,21,38,75.5,78,230,37,2013
776,1012,137,V,KentState,7,0,7,10,24,61.5,63.5,435,30.5,2013
777,1012,138,H,BallState,0,7,13,7,27,11,13,-560,7,2013
778,1012,139,V,BowlingGreen,3,10,7,0,20,52.5,52,-460,27,2013
779,1012,140,H,MississippiSt,14,7,0,0,21,8.5,11.5,-460,4.5,2013
780,1012,141,V,Akron,14,0,0,6,20,62.5,63.5,1250,32,2013
781,1012,142,H,NoIllinois,17,0,7,3,27,21.5,24,-2350,11,2013
782,1012,143,V,IowaState,7,14,0,14,35,56.5,58.5,470,30.5,2013
783,1012,144,H,TexasTech,14,7,7,14,42,17,14.5,-620,7.5,2013
784,1012,145,V,Rice,3,17,7,0,27,3.5,1,-115,26,2013
785,1012,146,H,TexSanAntonio,0,7,0,14,21,54.5,52.5,-105,2.5,2013
786,1012,147,V,NewMexico,0,3,14,14,31,68,70,390,31,2013
787,1012,148,H,Wyoming,14,7,3,14,38,10,12.5,-515,4.5,2013
788,1012,149,V,Stanford,14,0,0,7,21,10,7.5,-315,6,2013
789,1012,150,H,Utah,14,7,3,3,27,55,52.5,255,27.5,2013
790,1012,151,V,GeorgiaTech,7,6,0,7,20,55,54.5,245,28,2013
791,1012,152,H,BYU,14,10,0,14,38,4,7.5,-305,3,2013
792,1012,153,V,Nebraska,14,7,9,14,44,14.5,13.5,-550,7,2013
793,1012,154,H,Purdue,0,0,0,7,7,57.5,57.5,425,23,2013
794,1012,155,V,Missouri,7,21,0,13,41,63,66,215,34.5,2013
795,1012,156,H,Georgia,7,3,10,6,26,11,6.5,-265,7,2013
796,1012,157,V,Baylor,7,14,0,14,35,10.5,17,-740,7,2013
797,1012,158,H,KansasState,0,10,15,0,25,72,73.5,565,35.5,2013
798,1012,159,V,Florida,3,0,0,3,6,47.5,49,295,23.5,2013
799,1012,160,H,LSU,0,14,0,3,17,6.5,9,-365,3.5,2013
800,1012,161,V,Colorado,0,6,0,7,13,66,68.5,3000,28,2013
801,1012,162,H,ArizonaState,25,22,7,0,54,24,28.5,-6700,10,2013
802,1012,163,V,Oregon,7,14,10,14,45,10.5,12,-465,4.5,2013
803,1012,164,H,WashingtonU,7,0,17,0,24,76,75.5,365,37.5,2013
804,1012,165,V,California,0,10,0,0,10,71,73,1545,35.5,2013
805,1012,166,H,UCLA,10,14,6,7,37,23,26,-3045,13,2013
806,1012,167,V,Northwestern,3,3,0,0,6,57,58,335,27.5,2013
807,1012,168,H,Wisconsin,7,14,7,7,35,9.5,11,-425,6,2013
808,1012,169,V,EastCarolina,3,3,0,13,33,11,13.5,-515,6.5,2013
809,1012,170,H,Tulane,3,3,10,3,36,54.5,53,390,25,2013
810,1012,171,V,SouthCarolina,10,14,14,14,52,7,5,-205,1.5,2013
811,1012,172,H,Arkansas,7,0,0,0,7,51,49.5,175,23.5,2013
812,1012,173,V,Alabama,0,24,10,14,48,27,26.5,-4205,10.5,2013
813,1012,174,H,Kentucky,0,0,7,0,7,54,51.5,1705,21.5,2013
814,1012,175,V,SanJoseState,3,14,7,10,34,59,61,145,32,2013
815,1012,176,H,ColoradoState,7,17,0,3,27,pk,3,-165,1,2013
816,1012,177,V,Idaho,7,0,10,7,24,61,62,1595,28,2013
817,1012,178,H,ArkansasState,14,10,7,17,48,24,27,-3595,13.5,2013
818,1012,179,V,Michigan,10,0,17,7,40,1,1.5,-125,1,2013
819,1012,180,H,PennState,7,14,3,10,43,49,51.5,105,24,2013
820,1012,181,V,Syracuse,0,7,3,14,24,54,52.5,205,24.5,2013
821,1012,182,H,NCState,0,7,0,3,10,4.5,7,-245,3,2013
822,1012,183,V,Memphis,3,6,6,0,15,51.5,53.5,255,25,2013
823,1012,184,H,HoustonU,7,3,8,7,25,10.5,8,-315,3.5,2013
824,1012,185,V,UAB,7,14,3,3,27,6,6,-245,2,2013
825,1012,186,H,FloridaIntl,7,10,0,7,24,53,52.5,205,28,2013
826,1012,187,V,Marshall,0,7,7,10,24,13,9.5,-385,3.5,2013
827,1012,188,H,FloridaAtlantic,0,3,13,7,23,53,56.5,305,24,2013
828,1012,189,V,Kansas,3,7,7,0,17,44,45.5,1345,23,2013
829,1012,190,H,TCU,7,3,14,3,27,24,24,-2845,13,2013
830,1012,191,V,MiddleTennSt,0,7,0,0,7,55.5,54,210,23.5,2013
831,1012,192,H,NorthTexas,7,17,0,10,34,4.5,6.5,-250,3.5,2013
832,1012,193,V,ULMonroe,7,0,7,7,21,45,44.5,200,21,2013
833,1012,194,H,TexasState,0,0,6,8,14,7,6,-235,4,2013
834,1012,195,V,BoiseState,10,14,10,0,34,7.5,5,-210,1.5,2013
835,1012,196,H,UtahState,0,10,0,13,23,51.5,50.5,180,26.5,2013
836,1012,197,V,OregonState,3,14,7,28,52,60.5,2.5,-135,pk,2013
837,1012,198,H,WashingtonState,3,7,14,0,24,pk,62,115,31,2013
838,1012,199,V,Tulsa,14,7,6,7,34,10,10,-390,4,2013
839,1012,200,H,UTEP,3,3,14,0,20,60,65,310,30.5,2013
840,1012,201,V,Hawaii,0,17,0,20,37,53.5,58,250,30.5,2013
841,1012,202,H,UNLV,0,13,17,9,39,6.5,7.5,-310,6.5,2013
842,1012,241,V,WesternCarolina,3,0,0,0,3,NL,56.5,32500,26,2013
843,1012,242,H,Auburn,21,21,14,6,62,44,41,-97500,17.5,2013
844,1015,301,V,ULLafayette,0,13,10,14,37,62.5,61.5,145,31,2013
845,1015,302,H,WesternKentucky,10,3,0,7,20,4.5,3,-170,3.5,2013
846,1017,305,V,MiamiFlorida,6,7,0,14,27,8,9,-360,6.5,2013
847,1017,306,H,NorthCarolina,7,10,3,3,23,63,66,295,32.5,2013
848,1018,307,V,CentralFlorida,0,7,21,10,38,53,55.5,485,27.5,2013
849,1018,308,H,Louisville,7,7,14,7,35,10.5,14.5,-650,7,2013
850,1019,309,V,Duke,0,7,10,18,35,51,53,120,0.5,2013
851,1019,310,H,Virginia,14,8,0,0,22,3,2.5,-140,25.5,2013
852,1019,311,V,Army,0,0,7,7,14,56.5,1,-110,24.5,2013
853,1019,312,H,Temple,14,12,7,0,33,3,60.5,-110,0.5,2013
854,1019,313,V,Ohio,21,0,21,14,56,17,13.5,-570,6.5,2013
855,1019,314,H,EasternMichigan,7,7,7,7,28,57.5,55,445,27.5,2013
856,1019,315,V,BallState,3,14,7,14,38,21,19,-1330,7,2013
857,1019,316,H,WesternMichigan,3,0,0,14,17,58.5,58.5,830,27.5,2013
858,1019,317,V,NoIllinois,7,7,10,14,38,18.5,14.5,-630,7,2013
859,1019,318,H,CentralMichigan,14,0,0,3,17,61.5,59,480,29.5,2013
860,1019,319,V,Purdue,0,0,0,0,0,42.5,44.5,2645,20.5,2013
861,1019,320,H,MichiganState,0,7,0,7,14,24.5,28,-4255,11,2013
862,1019,321,V,SouthernMiss,0,0,0,14,14,52.5,55,1170,24,2013
863,1019,322,H,EastCarolina,14,17,24,0,55,22,24,-2170,8.5,2013
864,1019,323,V,FloridaState,17,10,14,10,51,3,4.5,-190,pk,2013
865,1019,324,H,Clemson,7,0,0,7,14,63,63.5,165,29.5,2013
866,1019,325,V,Maryland,0,3,7,0,10,6.5,4.5,-205,5.5,2013
867,1019,326,H,WakeForest,10,14,7,3,34,52,52.5,175,24.5,2013
868,1019,327,V,TexasTech,10,3,10,14,37,9.5,4,-200,2.5,2013
869,1019,328,H,WestVirginia,0,13,14,0,27,56.5,57.5,170,30,2013
870,1019,329,V,MinnesotaU,0,7,7,6,20,54,52,410,24.5,2013
871,1019,330,H,Northwestern,7,0,0,10,17,12.5,12.5,-535,7,2013
872,1019,331,V,Navy,7,7,7,10,44,55,55,300,28,2013
873,1019,332,H,Toledo,3,7,14,7,45,6.5,9.5,-370,7,2013
874,1019,333,V,Connecticut,3,0,7,6,16,45,45.5,470,21.5,2013
875,1019,334,H,CincinnatiU,7,20,7,7,41,16,14.5,-620,5.5,2013
876,1019,335,V,SMU,7,24,3,0,34,47,48,135,23.5,2013
877,1019,336,H,Memphis,3,0,7,19,29,2.5,3,-155,3.5,2013
878,1019,337,V,ColoradoState,14,10,14,14,52,68.5,66.5,240,33,2013
879,1019,338,H,Wyoming,0,7,8,7,22,6.5,7,-290,6,2013
880,1019,339,V,Auburn,10,7,7,21,45,72.5,72.5,400,37.5,2013
881,1019,340,H,TexasA&M,14,10,7,10,41,14,13,-525,5.5,2013
882,1019,341,V,WashingtonState,7,17,0,14,38,71,71.5,29250,39,2013
883,1019,342,H,Oregon,20,14,14,14,62,37.5,40,-60750,17.5,2013
884,1019,343,V,Indiana,7,10,23,7,47,66.5,67,290,34.5,2013
885,1019,344,H,Michigan,14,14,14,21,63,12,8.5,-360,4,2013
886,1019,345,V,Syracuse,0,0,0,0,0,54,54,265,24,2013
887,1019,346,H,GeorgiaTech,14,14,21,7,56,7,7.5,-325,3,2013
888,1019,347,V,OregonState,14,14,14,7,49,11,11.5,-450,6.5,2013
889,1019,348,H,California,3,0,7,7,17,71,71,360,32.5,2013
890,1019,349,V,Iowa,10,7,7,0,24,55,54.5,865,28,2013
891,1019,350,H,OhioState,3,7,14,10,34,17,18.5,-1215,11.5,2013
892,1019,351,V,Arkansas,0,0,0,0,0,49,48,2810,21,2013
893,1019,352,H,Alabama,14,14,17,7,52,28,29.5,-6310,11,2013
894,1019,353,V,SouthCarolina,0,7,14,0,21,7,8,-320,6.5,2013
895,1019,354,H,TennesseeU,3,14,0,6,23,54,55,260,27,2013
896,1019,355,V,WashingtonU,7,0,10,7,24,66,67.5,145,31,2013
897,1019,356,H,ArizonaState,3,26,10,14,53,3,3.5,-165,pk,2013
898,1019,357,V,NorthTexas,0,14,14,0,28,4.5,3.5,-175,1,2013
899,1019,358,H,LouisianaTech,7,3,0,3,13,55,52.5,155,25.5,2013
900,1019,359,V,KentState,0,7,0,14,21,56,55,235,27,2013
901,1019,360,H,SouthAlabama,7,10,7,14,38,6,7.5,-285,3,2013
902,1019,361,V,UtahState,17,14,7,7,45,10,14,-555,4.5,2013
903,1019,362,H,NewMexico,0,3,0,7,10,52,51,430,23.5,2013
904,1019,363,V,Florida,3,0,14,0,17,44.5,3,-150,3,2013
905,1019,364,H,Missouri,10,3,10,13,36,pk,44,130,20.5,2013
906,1019,365,V,LSU,0,0,14,10,24,9.5,9.5,-385,7,2013
907,1019,366,H,Mississippi,3,7,14,3,27,60,60,305,28,2013
908,1019,367,V,BYU,24,10,0,13,47,10,10,-385,7,2013
909,1019,368,H,HoustonU,21,17,2,6,46,64,64.5,305,35,2013
910,1019,369,V,Massachusetts,0,3,0,0,3,47,46.5,825,21.5,2013
911,1019,370,H,BuffaloU,0,13,5,14,32,20.5,20,-1175,7.5,2013
912,1019,371,V,GeorgiaState,7,0,0,10,17,52,49.5,520,24.5,2013
913,1019,372,H,TexasState,7,3,0,14,24,19,16.5,-670,7,2013
914,1019,373,V,Akron,7,0,14,3,24,6,6,-245,3.5,2013
915,1019,374,H,MiamiOhio,7,0,0,10,17,43.5,45,205,22.5,2013
916,1019,375,V,IowaState,0,0,0,7,7,77,76.5,6125,31,2013
917,1019,376,H,Baylor,17,20,14,20,71,33,32,-11375,10.5,2013
918,1019,377,V,Oklahoma,0,18,7,9,34,23.5,21,-1345,10.5,2013
919,1019,378,H,Kansas,7,6,0,6,19,48,49.5,945,24,2013
920,1019,379,V,TCU,0,0,3,7,10,51.5,52,215,23.5,2013
921,1019,380,H,OklahomaState,7,10,0,7,24,6.5,6.5,-265,3,2013
922,1019,381,V,UCLA,0,0,3,7,10,55,55,160,24,2013
923,1019,382,H,Stanford,3,0,14,7,24,7,4,-185,2,2013
924,1019,383,V,USC,7,3,0,0,10,52,51.5,115,pk,2013
925,1019,384,H,NotreDame,7,7,0,0,14,pk,2.5,-135,25.5,2013
926,1019,385,V,Rice,21,7,7,10,45,20,18,-905,7.5,2013
927,1019,386,H,NewMexicoState,3,9,7,0,19,58,57,655,28,2013
928,1019,387,V,Nevada,3,14,0,0,17,66,68,1190,29.5,2013
929,1019,388,H,BoiseState,0,7,20,7,34,21.5,24,-2290,12.5,2013
930,1019,389,V,Wisconsin,21,7,14,14,56,11.5,15,-620,7,2013
931,1019,390,H,Illinois,0,17,0,15,32,55,55,470,27.5,2013
932,1019,391,V,Georgia,10,14,3,0,27,9.5,7,-270,2.5,2013
933,1019,392,H,Vanderbilt,7,7,0,17,31,63,63.5,220,29,2013
934,1019,393,V,Utah,7,0,14,3,24,59,61.5,155,28,2013
935,1019,394,H,ArizonaU,7,13,0,15,35,4.5,3.5,-175,0.5,2013
936,1019,395,V,UNLV,0,14,0,0,14,72,75,1410,37,2013
937,1019,396,H,FresnoState,14,14,10,0,38,20.5,25,-3010,10.5,2013
938,1019,431,V,OldDominion,10,0,14,0,24,NL,72.5,674,31.5,2013
939,1019,432,H,PittsburghU,0,21,7,7,35,16.5,17,-901,7.5,2013
940,1019,433,V,CharlestonSou,0,10,0,0,10,NL,51,3600,24.5,2013
941,1019,434,H,Colorado,8,14,7,14,43,20,28,-6400,10.5,2013
942,1022,101,V,ULLafayette,10,10,3,0,23,2.5,1,-115,33.5,2013
943,1022,102,H,ArkansasState,0,7,0,0,7,67.5,69,-105,0.5,2013
944,1024,105,V,Kentucky,7,3,9,3,22,55,54,340,27.5,2013
945,1024,106,H,MississippiSt,14,7,7,0,28,9.5,12,-430,4.5,2013
946,1024,107,V,Marshall,7,14,14,14,49,8.5,9.5,-340,4,2013
947,1024,108,H,MiddleTennSt,14,7,17,13,51,56.5,56.5,285,29.5,2013
948,1025,109,V,BoiseState,0,3,10,7,20,62.5,61,205,31,2013
949,1025,110,H,BYU,7,17,10,3,37,7.5,6.5,-245,3,2013
950,1026,111,V,GeorgiaTech,7,7,7,14,35,9.5,10,-381,3.5,2013
951,1026,112,H,Virginia,0,10,0,15,25,48,49,310,25.5,2013
952,1026,113,V,Connecticut,3,7,0,7,17,49.5,52.5,1250,22.5,2013
953,1026,114,H,CentralFlorida,21,24,10,7,62,22.5,24.5,-2400,8.5,2013
954,1026,115,V,BallState,14,14,7,7,42,11.5,9.5,-360,3,2013
955,1026,116,H,Akron,3,7,7,7,24,56.5,57,295,28,2013
956,1026,117,V,MiamiOhio,3,7,0,6,16,50.5,50.5,1500,24.5,2013
957,1026,118,H,Ohio,14,10,3,14,41,25,26,-3200,12.5,2013
958,1026,119,V,BuffaloU,6,14,14,7,41,2,3,-145,24,2013
959,1026,120,H,KentState,0,7,7,7,21,50.5,48.5,125,0.5,2013
960,1026,121,V,WesternMichigan,3,14,7,7,31,46.5,46.5,167,24,2013
961,1026,122,H,Massachusetts,7,14,3,6,30,3,4.5,-197,0.5,2013
962,1026,123,V,HoustonU,7,21,14,7,49,62,59,215,30.5,2013
963,1026,124,H,Rutgers,7,7,0,0,14,9,7,-260,5.5,2013
964,1026,125,V,BostonCollege,7,0,0,3,10,58.5,59,189,28.5,2013
965,1026,126,H,NorthCarolina,6,14,7,7,34,8.5,5.5,-225,2.5,2013
966,1026,127,V,Clemson,6,10,3,21,40,13,16.5,-900,7.5,2013
967,1026,128,H,Maryland,7,0,6,14,27,60.5,58.5,620,28,2013
968,1026,129,V,Duke,0,6,7,0,13,47.5,47,390,21.5,2013
969,1026,130,H,VirginiaTech,0,0,7,3,10,13.5,12,-500,7,2013
970,1026,131,V,PittsburghU,3,10,0,8,21,6.5,4.5,-210,2.5,2013
971,1026,132,H,Navy,0,7,0,17,24,51.5,51,180,24,2013
972,1026,133,V,UAB,0,10,7,14,31,59.5,60.5,255,29.5,2013
973,1026,134,H,TexSanAntonio,24,14,7,7,52,3.5,8,-310,3,2013
974,1026,135,V,Temple,14,14,7,14,49,60.5,58.5,450,31.5,2013
975,1026,136,H,SMU,7,7,21,24,59,10.5,14,-600,7.5,2013
976,1026,137,V,EasternMichigan,3,0,10,7,20,66,67.5,1712,28,2013
977,1026,138,H,NoIllinois,21,17,14,7,59,30,31.5,-5096,14,2013
978,1026,139,V,ArizonaU,10,14,10,10,44,16,12.5,-460,6.5,2013
979,1026,140,H,Colorado,7,6,7,0,20,58,59.5,360,30.5,2013
980,1026,141,V,Vanderbilt,0,17,0,7,24,70.5,68.5,620,34,2013
981,1026,142,H,TexasA&M,21,7,21,7,56,18,17.5,-900,7,2013
982,1026,143,V,FloridaAtlantic,0,7,3,0,10,51,52,1400,23.5,2013
983,1026,144,H,Auburn,21,17,7,0,45,25.5,23,-2700,9.5,2013
984,1026,145,V,TennesseeU,0,0,3,7,10,51,49.5,1800,21,2013
985,1026,146,H,Alabama,21,14,7,3,45,28,27.5,-6000,11,2013
986,1026,147,V,UCLA,7,7,0,0,14,70.5,73.5,990,37,2013
987,1026,148,H,Oregon,7,7,7,21,42,21.5,23.5,-1800,11.5,2013
988,1026,149,V,Utah,3,0,0,0,3,53.5,51,170,23,2013
989,1026,150,H,USC,7,9,3,0,19,6.5,4.5,-200,0.5,2013
990,1026,151,V,Tulsa,0,7,0,0,7,3.5,3,-140,2.5,2013
991,1026,152,H,Tulane,0,7,7,0,14,50,49.5,120,24.5,2013
992,1026,153,V,California,0,7,0,10,17,64,66.5,1835,32.5,2013
993,1026,154,H,WashingtonU,17,7,14,3,41,24,28,-6509,14,2013
994,1026,155,V,WestVirginia,0,9,3,0,12,53,52,400,24.5,2013
995,1026,156,H,KansasState,7,0,7,21,35,9,13,-520,7,2013
996,1026,157,V,MichiganState,0,14,14,14,42,11,8,-312,3.5,2013
997,1026,158,H,Illinois,3,0,0,0,3,49,48,256,23,2013
998,1026,159,V,WakeForest,7,7,0,7,21,54,55,1500,28.5,2013
999,1026,160,H,MiamiFlorida,0,10,0,14,24,21,25.5,-3000,13.5,2013
1000,1026,161,V,NCState,0,0,10,7,17,57.5,58.5,2000,24,2013
1001,1026,162,H,FloridaState,35,7,0,7,49,28.5,35,-8500,14,2013
1002,1026,163,V,TexasTech,7,0,17,6,30,59.5,59.5,215,28.5,2013
1003,1026,164,H,Oklahoma,0,14,14,10,38,8,6.5,-260,2.5,2013
1004,1026,165,V,Texas,10,10,7,3,30,51.5,48.5,125,24.5,2013
1005,1026,166,H,TCU,7,0,0,0,7,2,3,-145,4.5,2013
1006,1026,167,V,Northwestern,0,0,7,3,10,53,52.5,145,24,2013
1007,1026,168,H,Iowa,7,3,0,0,17,4,3.5,-170,pk,2013
1008,1026,169,V,UNLV,0,14,0,13,27,67,68,192,35,2013
1009,1026,170,H,Nevada,3,13,0,6,22,4.5,6,-230,3,2013
1010,1026,171,V,Wyoming,16,7,7,14,44,71,71,335,37,2013
1011,1026,172,H,SanJoseState,0,14,22,15,51,5.5,10.5,-420,7,2013
1012,1026,173,V,Stanford,0,7,6,7,20,5.5,4,-175,2.5,2013
1013,1026,174,H,OregonState,0,3,6,3,12,55,56,150,24.5,2013
1014,1026,175,V,Troy,10,0,14,8,32,60,61,300,30.5,2013
1015,1026,176,H,WesternKentucky,3,17,6,0,26,8,10,-370,4,2013
1016,1026,177,V,NotreDame,7,17,14,7,45,19.5,19.5,-1600,7.5,2013
1017,1026,178,H,AirForce,7,3,0,0,10,56.5,56,930,27.5,2013
1018,1026,179,V,GeorgiaState,0,10,0,0,10,51,51.5,547,24.5,2013
1019,1026,180,H,ULMonroe,14,14,10,0,38,11.5,15.5,-764,7,2013
1020,1026,181,V,SouthAlabama,0,3,7,21,31,1.5,2.5,-135,3.5,2013
1021,1026,182,H,TexasState,7,7,3,16,33,52,50.5,115,24,2013
1022,1026,183,V,Idaho,0,7,7,0,14,59,58.5,NL,28,2013
1023,1026,184,H,Mississippi,17,7,21,14,59,40.5,41.5,NL,17.5,2013
1024,1026,185,V,NorthTexas,13,28,7,7,55,10.5,12,-430,6.5,2013
1025,1026,186,H,SouthernMiss,0,7,7,0,14,49.5,50.5,340,24,2013
1026,1026,187,V,LouisianaTech,6,3,3,11,23,6,4.5,-205,0.5,2013
1027,1026,188,H,FloridaIntl,0,0,7,0,7,48,50,175,23,2013
1028,1026,189,V,SouthCarolina,0,0,0,17,27,53,53,130,0.5,2013
1029,1026,190,H,Missouri,7,7,3,0,24,3,3,-150,25.5,2013
1030,1026,191,V,OklahomaState,21,7,17,13,58,14,12.5,-440,6,2013
1031,1026,192,H,IowaState,7,13,0,7,27,56.5,56,350,27.5,2013
1032,1026,193,V,Baylor,21,17,14,7,59,35.5,34.5,-7742,14,2013
1033,1026,194,H,Kansas,0,0,7,7,14,66,65.5,1942,28.5,2013
1034,1026,195,V,Nebraska,10,3,7,3,23,10.5,10,-370,6,2013
1035,1026,196,H,MinnesotaU,7,10,10,7,34,52,52,300,27,2013
1036,1026,197,V,Louisville,7,10,3,14,34,20.5,21,-1300,9.5,2013
1037,1026,198,H,SouthFlorida,3,0,0,0,3,46.5,46.5,810,21.5,2013
1038,1026,199,V,Toledo,7,14,0,7,28,56,53.5,145,24.5,2013
1039,1026,200,H,BowlingGreen,0,7,3,15,25,3,3.5,-170,3,2013
1040,1026,201,V,PennState,0,7,0,7,14,56.5,57,557,26.5,2013
1041,1026,202,H,OhioState,14,28,14,7,63,14,15,-785,7,2013
1042,1026,203,V,UTEP,0,7,0,0,7,57.5,58,810,26,2013
1043,1026,204,H,Rice,3,21,7,14,45,18,19,-1300,9,2013
1044,1026,205,V,FresnoState,7,0,7,14,35,8.5,6,-235,3.5,2013
1045,1026,206,H,SanDiegoState,0,7,7,14,28,61.5,65.5,195,31,2013
1046,1026,207,V,ColoradoState,14,21,0,0,35,4,2,-125,30,2013
1047,1026,208,H,Hawaii,7,10,0,11,28,56,58,105,0.5,2013
1048,1026,241,V,Furman,10,6,0,0,16,NL,NL,NL,NL,2013
1049,1026,242,H,LSU,13,7,14,14,48,47,46.6,NL,NL,2013
1050,1030,301,V,CincinnatiU,0,14,7,13,34,5,2.5,-130,21.5,2013
1051,1030,302,H,Memphis,7,0,7,7,21,44,45,110,pk,2013
1052,1031,305,V,SouthFlorida,3,7,6,7,23,53,54,760,27,2013
1053,1031,306,H,HoustonU,14,7,7,7,35,15.5,18.5,-1200,8.5,2013
1054,1031,307,V,Rice,2,14,0,0,16,52,53,116,1.5,2013
1055,1031,308,H,NorthTexas,7,14,7,0,28,4,2.5,-137,27,2013
1056,1031,309,V,ULMonroe,14,7,21,7,49,57.5,60.5,140,30.5,2013
1057,1031,310,H,Troy,0,17,6,14,37,4,3,-165,1.5,2013
1058,1031,311,V,ArizonaState,21,21,7,6,55,13.5,11,-480,7,2013
1059,1031,312,H,WashingtonState,0,14,7,0,21,70,69,375,34,2013
1060,1101,313,V,USC,14,7,10,0,31,54,51.5,185,27,2013
1061,1101,314,H,OregonState,0,14,0,0,14,2,5.5,-215,3.5,2013
1062,1102,315,V,Clemson,14,21,7,17,59,20,17.5,-870,6.5,2013
1063,1102,316,H,Virginia,7,0,3,0,10,53,56,620,26,2013
1064,1102,317,V,VirginiaTech,0,10,7,10,27,6,4,-195,0.5,2013
1065,1102,318,H,BostonCollege,7,0,10,17,34,41,40,170,20.5,2013
1066,1102,319,V,EasternMichigan,0,10,0,6,16,67.5,66.5,4900,30.5,2013
1067,1102,320,H,Toledo,21,17,10,7,55,28,30.5,-9100,13.5,2013
1068,1102,321,V,NoIllinois,21,21,7,14,63,24,28,-4625,12.5,2013
1069,1102,322,H,Massachusetts,6,7,6,0,19,60.5,60.5,2875,27.5,2013
1070,1102,323,V,KentState,0,7,0,0,7,2.5,52.5,110,24,2013
1071,1102,324,H,Akron,7,3,0,6,16,53,2,-130,pk,2013
1072,1102,325,V,Temple,6,7,0,7,20,54.5,57.5,370,28,2013
1073,1102,326,H,Rutgers,0,3,6,14,23,14,12,-470,7,2013
1074,1102,327,V,Illinois,0,3,7,7,17,58,57.5,405,27.5,2013
1075,1102,328,H,PennState,7,7,0,3,24,10,13.5,-530,6.5,2013
1076,1102,329,V,PittsburghU,0,3,7,0,10,54,53,345,24,2013
1077,1102,330,H,GeorgiaTech,7,7,0,7,21,10,11.5,-435,5.5,2013
1078,1102,331,V,WakeForest,0,0,0,0,0,50.5,52,160,23.5,2013
1079,1102,332,H,Syracuse,0,0,13,0,13,3,4,-185,3,2013
1080,1102,333,V,WesternKentucky,10,14,7,13,44,19,18.5,-940,7.5,2013
1081,1102,334,H,GeorgiaState,7,0,14,7,28,56,56,690,27,2013
1082,1102,335,V,TennesseeU,0,3,0,0,3,56,55,340,26.5,2013
1083,1102,336,H,Missouri,7,17,7,0,31,13,11,-430,3.5,2013
1084,1102,337,V,IowaState,0,0,0,7,7,53,53,595,24,2013
1085,1102,338,H,KansasState,10,7,3,21,41,14,17,-795,7,2013
1086,1102,339,V,SouthernMiss,0,10,3,0,13,58,59.5,NL,27.5,2013
1087,1102,340,H,Marshall,28,7,13,13,61,28.5,31.5,NL,13.5,2013
1088,1102,341,V,UTEP,7,0,0,0,7,74,78.5,NL,33,2013
1089,1102,342,H,TexasA&M,9,27,21,0,57,45.5,47.5,NL,18,2013
1090,1102,343,V,MiddleTennSt,0,0,7,17,24,6,3.5,-170,3.5,2013
1091,1102,344,H,UAB,7,0,3,11,21,61.5,63.5,150,28,2013
1092,1102,345,V,TexSanAntonio,14,10,0,10,34,53,54,150,24,2013
1093,1102,346,H,Tulsa,0,0,8,7,15,3.5,4,-170,3,2013
1094,1102,347,V,Army,14,7,0,7,28,57.5,54.5,-120,29.5,2013
1095,1102,348,H,AirForce,7,14,7,14,42,1.5,pk,100,1,2013
1096,1102,349,V,WestVirginia,3,7,0,17,30,46,45.5,360,23.5,2013
1097,1102,350,H,TCU,10,7,0,10,27,14,11,-450,3.5,2013
1098,1102,351,V,Georgia,17,6,0,0,23,2.5,3.5,-175,23,2013
1099,1102,352,H,Florida,0,3,9,8,20,47,47,155,pk,2013
1100,1102,353,V,ArizonaU,9,10,14,0,33,14.5,14.5,-625,7,2013
1101,1102,354,H,California,7,7,7,7,28,65,67.5,475,33.5,2013
1102,1102,355,V,MiamiFlorida,7,7,0,0,14,61,63,955,31,2013
1103,1102,356,H,FloridaState,7,14,14,6,41,21,21.5,-1355,10,2013
1104,1102,357,V,Wisconsin,0,7,7,14,28,7,8.5,-395,4,2013
1105,1102,358,H,Iowa,3,3,3,0,9,49,48.5,315,22.5,2013
1106,1102,359,V,Michigan,3,3,0,0,6,46,44.5,-185,21.5,2013
1107,1102,360,H,MichiganState,3,10,3,13,29,3.5,4,-185,0.5,2013
1108,1102,361,V,OhioState,28,14,7,7,56,31,31.5,-12300,13.5,2013
1109,1102,362,H,Purdue,0,0,0,0,0,56.5,58.5,6700,22.5,2013
1110,1102,363,V,MinnesotaU,7,21,7,7,42,68,67.5,250,35,2013
1111,1102,364,H,Indiana,10,3,7,19,39,7,7.5,-310,7,2013
1112,1102,365,V,Colorado,3,10,0,10,23,57,60,2750,30,2013
1113,1102,366,H,UCLA,7,14,14,10,45,24,30,-6250,13.5,2013
1114,1102,367,V,Navy,7,13,0,14,34,50,49,555,26.5,2013
1115,1102,368,H,NotreDame,10,7,7,14,38,17,16.5,-730,7,2013
1116,1102,369,V,Auburn,7,7,14,7,35,10,9.5,-355,3.5,2013
1117,1102,370,H,Arkansas,0,3,7,7,17,54.5,54.5,285,24,2013
1118,1102,371,V,Northwestern,14,7,0,3,24,57.5,58.5,170,28.5,2013
1119,1102,372,H,Nebraska,7,7,7,6,27,7,4,-200,2,2013
1120,1102,373,V,ArkansasState,0,0,7,10,17,64,63.5,135,28,2013
1121,1102,374,H,SouthAlabama,0,6,7,3,16,2.5,3,-155,0.5,2013
1122,1102,375,V,Hawaii,3,0,7,0,10,51,52,1205,24,2013
1123,1102,376,H,UtahState,10,13,17,7,47,21,24,-2205,10,2013
1124,1102,377,V,SanJoseState,14,10,0,10,34,2.5,5,-205,0.5,2013
1125,1102,378,H,UNLV,0,3,14,7,24,66,66.5,175,30.5,2013
1126,1102,379,V,NewMexicoState,21,7,0,7,35,66.5,67,6700,35.5,2013
1127,1102,380,H,ULLafayette,7,7,13,22,49,27,32.5,-12300,17,2013
1128,1102,381,V,TexasState,7,16,7,7,37,13,11,-425,4,2013
1129,1102,382,H,Idaho,7,7,0,7,21,50.5,49,335,24.5,2013
1130,1102,383,V,NorthCarolina,14,7,0,6,27,3,5,-225,1.5,2013
1131,1102,384,H,NCState,10,6,3,0,19,55,57,190,28,2013
1132,1102,385,V,Kansas,0,3,3,7,13,52.5,52,NL,24.5,2013
1133,1102,386,H,Texas,0,14,14,7,35,27,27,NL,11,2013
1134,1102,387,V,Tulane,7,10,0,0,17,46.5,47.5,130,23,2013
1135,1102,388,H,FloridaAtlantic,7,0,10,17,34,3,3,-150,3,2013
1136,1102,389,V,OklahomaState,21,7,21,3,52,2.5,2,-130,37.5,2013
1137,1102,390,H,TexasTech,3,21,7,3,34,68,69.5,110,pk,2013
1138,1102,391,V,EastCarolina,14,7,0,13,34,20,27,-3610,13,2013
1139,1102,392,H,FloridaIntl,3,7,3,0,13,52.5,50.5,1610,24.5,2013
1140,1102,393,V,Nevada,7,0,9,7,23,73,74.5,1000,NL,2013
1141,1102,394,H,FresnoState,14,10,0,17,41,23,21.5,-1400,NL,2013
1142,1102,395,V,MississippiSt,7,3,0,6,16,51,52.5,420,26,2013
1143,1102,396,H,SouthCarolina,14,3,17,0,34,11.5,13,-545,4.5,2013
1144,1102,397,V,BoiseState,7,21,7,7,42,10,7,-290,3,2013
1145,1102,398,H,ColoradoState,10,7,0,13,30,59,59.5,240,31,2013
1146,1102,399,V,NewMexico,7,0,10,13,30,55,57,470,27,2013
1147,1102,400,H,SanDiegoState,14,0,7,14,35,17,14,-620,7,2013
1148,1102,431,V,AlabamaSt,7,0,7,0,14,NL,NL,3310,30,2013
1149,1102,432,H,Kentucky,14,17,17,0,48,28,27.5,-5690,10.5,2013
1150,1105,101,V,Ohio,0,3,0,0,3,55.5,54,162,24.5,2013
1151,1105,102,H,BuffaloU,0,7,16,7,30,3,4.5,-190,0.5,2013
1152,1105,103,V,BowlingGreen,7,17,21,0,45,23.5,24,-3000,12.5,2013
1153,1105,104,H,MiamiOhio,3,0,0,0,3,48,48,1500,23,2013
1154,1106,105,V,CentralMichigan,0,3,7,14,24,57.5,58,810,27,2013
1155,1106,106,H,BallState,14,17,10,3,44,19.5,20,-1300,7.5,2013
1156,1107,109,V,Oklahoma,0,5,7,0,12,72,75,450,35.5,2013
1157,1107,110,H,Baylor,3,21,10,7,41,14,17,-600,7.5,2013
1158,1107,111,V,Troy,6,20,3,7,36,67,67.5,435,36.5,2013
1159,1107,112,H,ULLafayette,21,14,0,6,41,13,14,-570,7.5,2013
1160,1107,113,V,Oregon,0,0,0,20,20,10,10,-420,7.5,2013
1161,1107,114,H,Stanford,7,10,6,3,26,60,60,335,28.5,2013
1162,1108,115,V,Louisville,7,14,7,3,31,27,28,-4625,13,2013
1163,1108,116,H,Connecticut,0,3,0,7,10,49.5,50,2875,23.5,2013
1164,1108,117,V,AirForce,0,14,14,9,37,60.5,61.5,135,2,2013
1165,1108,118,H,NewMexico,14,7,14,10,45,1.5,3,-155,30,2013
1166,1109,119,V,Iowa,0,14,7,17,38,14.5,16,-715,7,2013
1167,1109,120,H,Purdue,0,7,0,7,14,45,44,540,21.5,2013
1168,1109,121,V,WesternKentucky,0,0,7,14,21,5,5.5,-220,1.5,2013
1169,1109,122,H,Army,0,3,7,7,17,57.5,57,185,25.5,2013
1170,1109,123,V,SMU,7,3,0,15,25,64,67,220,33,2013
1171,1109,124,H,Cincinnati,0,14,14,0,28,7,7,-270,3,2013
1172,1109,125,V,NCState,0,0,13,7,20,57,56.5,330,24.5,2013
1173,1109,126,H,Duke,7,3,7,21,38,10,10.5,-410,3.5,2013
1174,1109,127,V,Tulsa,7,3,7,7,24,51.5,54,585,27,2013
1175,1109,128,H,EastCarolina,7,14,14,23,58,14,16,-785,7,2013
1176,1109,129,V,Illinois,14,0,14,7,35,77,80.5,315,40.5,2013
1177,1109,130,H,Indiana,14,7,14,17,52,9.5,9.5,-395,4,2013
1178,1109,131,V,TCU,7,7,0,7,21,6.5,7,-285,2,2013
1179,1109,132,H,IowaState,0,7,10,0,17,46.5,43.5,235,21,2013
1180,1109,133,V,FloridaState,21,21,10,7,59,35,34,-19475,7.5,2013
1181,1109,134,H,WakeForest,0,0,0,3,3,55,56,10025,20.5,2013
1182,1109,135,V,UAB,7,7,0,0,14,67,68,1440,33,2013
1183,1109,136,H,Marshall,21,14,14,7,56,20.5,24,-2290,10.5,2013
1184,1109,137,V,VirginiaTech,14,14,7,7,42,43.5,43.5,180,23.5,2013
1185,1109,138,H,MiamiFlorida,7,7,10,0,24,6,5,-210,3.5,2013
1186,1109,139,V,PennState,7,3,0,0,10,53,47.5,140,pk,2013
1187,1109,140,H,Minnesota,10,14,0,0,24,1.5,3,-160,24,2013
1188,1109,141,V,Syracuse,7,3,3,7,20,53.5,54,195,26,2013
1189,1109,142,H,Maryland,0,0,3,0,3,3,6,-230,3.5,2013
1190,1109,143,V,Missouri,7,21,7,13,48,13.5,14,-605,6,2013
1191,1109,144,H,Kentucky,3,0,14,0,17,57,54.5,455,24.5,2013
1192,1109,145,V,Virginia,0,0,7,7,14,50.5,53,385,23.5,2013
1193,1109,146,H,NorthCarolina,14,7,14,10,45,14,12.5,-510,6.5,2013
1194,1109,147,V,Vanderbilt,10,7,7,10,34,43,41,365,22,2013
1195,1109,148,H,Florida,0,3,7,7,17,7.5,12,-465,7,2013
1196,1109,149,V,WesternMichigan,10,6,10,3,32,4,3,-140,1,2013
1197,1109,150,H,EasternMichigan,7,7,7,8,35,58,59.5,120,28.5,2013
1198,1109,151,V,Tulane,0,7,0,0,7,51.5,51,275,23.5,2013
1199,1109,152,H,TexSanAntonio,0,0,7,3,10,7.5,8.5,-345,4.5,2013
1200,1109,153,V,FresnoState,0,14,14,20,48,14,7.5,-320,3.5,2013
1201,1109,154,H,Wyoming,7,3,0,0,10,78,80.5,260,39,2013
1202,1109,155,V,KansasState,14,21,0,14,49,59.5,63,115,31,2013
1203,1109,156,H,TexasTech,10,0,9,7,26,2.5,2.5,-135,2.5,2013
1204,1109,157,V,BYU,3,0,7,7,17,55.5,55,305,24.5,2013
1205,1109,158,H,Wisconsin,7,10,3,7,27,7.5,9,-375,3,2013
1206,1109,159,V,Arkansas,3,7,7,7,24,53,54.5,550,27.5,2013
1207,1109,160,H,Mississippi,10,10,14,0,34,17.5,17,-725,7,2013
1208,1109,161,V,Nevada,0,7,10,0,17,63.5,66,285,31,2013
1209,1109,162,H,ColoradoState,3,3,18,14,38,7.5,9,-355,5.5,2013
1210,1109,163,V,Colorado,7,0,0,0,7,61.5,63,3600,28.5,2013
1211,1109,164,H,Washington,10,21,21,7,59,26,30,-6400,11.5,2013
1212,1109,165,V,Texas,3,10,17,10,47,8,6.5,-250,5,2013
1213,1109,166,H,WestVirginia,9,10,7,14,40,56,55,210,27,2013
1214,1109,167,V,ArizonaState,7,0,0,13,20,7,7.5,-310,4.5,2013
1215,1109,168,H,Utah,6,3,10,0,19,65,63,250,28,2013
1216,1109,169,V,Nebraska,10,0,0,7,17,63,55.5,205,24,2013
1217,1109,170,H,Michigan,0,3,7,3,13,6.5,6,-245,4,2013
1218,1109,171,V,Hawaii,0,14,0,14,28,53,54.5,550,28.5,2013
1219,1109,172,H,Navy,7,7,14,14,42,17,17,-725,7.5,2013
1220,1109,173,V,UTEP,0,0,7,0,7,56,54,2012,23.5,2013
1221,1109,174,H,NorthTexas,14,7,7,13,41,24,27,-3238,11.5,2013
1222,1109,175,V,Kansas,0,0,3,3,6,53,56,4900,24,2013
1223,1109,176,H,OklahomaState,14,14,0,14,42,32,31.5,-9100,11.5,2013
1224,1109,177,V,USC,21,20,14,7,62,17,19,-920,7.5,2013
1225,1109,178,H,California,0,14,7,7,28,54.5,57,670,27.5,2013
1226,1109,179,V,NotreDame,7,7,7,0,21,3.5,4.5,-200,0.5,2013
1227,1109,180,H,Pittsburgh,0,7,14,7,28,51,51,170,24.5,2013
1228,1109,181,V,MississippiState,7,7,6,21,41,64,70.5,800,35.5,2013
1229,1109,182,H,TexasA&M,16,7,14,14,51,19,19.5,-1100,10,2013
1230,1109,183,V,BostonCollege,13,7,7,21,48,24,25,-2350,10.5,2013
1231,1109,184,H,NewMexicoState,3,14,7,10,34,60.5,62,1350,32,2013
1232,1109,185,V,UtahState,0,14,7,7,28,13,16,-650,8.5,2013
1233,1109,186,H,UNLV,7,10,0,7,24,50.5,56,500,28,2013
1234,1109,187,V,FloridaIntl,0,0,0,0,0,48,49,755,22.5,2013
1235,1109,188,H,MidTennesseeState,14,10,24,0,48,17,19.5,-1055,7.5,2013
1236,1109,189,V,ArkansasState,7,7,14,14,42,55,55,145,28.5,2013
1237,1109,190,H,UL-Monroe,7,7,0,0,14,3.5,3,-165,2.5,2013
1238,1109,191,V,SouthernMiss,0,6,0,7,13,51.5,52.5,560,24.5,2013
1239,1109,192,H,LouisianaTech,9,7,6,14,36,14,17,-735,7,2013
1240,1109,193,V,Auburn,6,28,14,7,55,7,8,-315,3,2013
1241,1109,194,H,Tennessee,6,14,3,0,23,55,56.5,255,30.5,2013
1242,1109,195,V,Houston,0,0,7,7,14,64,67.5,395,31,2013
1243,1109,196,H,CentralFlorida,0,6,7,6,19,10,13.5,-520,7,2013
1244,1109,197,V,UCLA,14,7,3,7,31,2.5,60,105,29.5,2013
1245,1109,198,H,Arizona,3,7,3,13,26,55.5,1.5,-125,1,2013
1246,1109,199,V,LSU,0,14,3,0,17,55,54,440,27.5,2013
1247,1109,200,H,Alabama,3,14,7,14,38,9,14,-565,6.5,2013
1248,1109,201,V,SanDiegoState,0,12,0,22,34,56,59,205,28.5,2013
1249,1109,202,H,SanJoseState,10,10,3,7,30,6.5,6.5,-245,pk,2013
1250,1109,241,V,AppalachianSt,6,0,0,0,6,NL,62.5,29250,NL,2013
1251,1109,242,H,Georgia,7,7,17,14,45,42,40,-60750,21,2013
1252,1109,243,V,TennesseeMartin,3,3,0,0,6,NL,47,420,NL,2013
1253,1109,244,H,Memphis,0,7,0,14,21,14,13.5,-575,NL,2013
1254,1109,245,V,OldDominion,17,14,14,14,59,14,14,-575,7.5,2013
1255,1109,246,H,Idaho,21,10,7,0,38,NL,71,420,37,2013
1256,1112,301,V,Ohio,0,0,0,0,0,50,52,275,22.5,2013
1257,1112,302,H,BowlingGreen,21,14,7,7,49,9.5,8,-325,2.5,2013
1258,1112,303,V,Buffalo,0,0,14,27,41,55,54.5,190,24,2013
1259,1112,304,H,Toledo,21,10,7,13,51,3.5,5.5,-230,2.5,2013
1260,1113,305,V,BallState,7,17,3,0,27,72.5,73,270,38,2013
1261,1113,306,H,NoIllinois,3,17,7,21,48,5.5,8,-330,4,2013
1262,1113,307,V,MiamiOhio,3,3,0,0,6,48.5,50,715,23.5,2013
1263,1113,308,H,KentState,7,7,7,3,24,18.5,19.5,-1015,8.5,2013
1264,1114,311,V,GeorgiaTech,0,10,14,7,31,58.5,61.5,330,28.5,2013
1265,1114,312,H,Clemson,6,21,14,14,55,10,10.5,-410,3.5,2013
1266,1114,313,V,Marshall,21,10,0,14,45,12.5,13,-510,6.5,2013
1267,1114,314,H,Tulsa,0,14,17,3,34,61,63,385,32.5,2013
1268,1115,315,V,WashingtonU,7,10,7,7,31,62.5,60.5,130,30,2013
1269,1115,316,H,UCLA,20,7,7,7,41,3,3,-150,0.5,2013
1270,1116,317,V,MiamiFlorida,17,3,10,0,30,3,3.5,-170,pk,2013
1271,1116,318,H,Duke,7,14,10,17,48,61.5,64,150,34,2013
1272,1116,319,V,Indiana,0,0,3,0,3,70,68,2250,28,2013
1273,1116,320,H,Wisconsin,20,7,10,14,51,18.5,26.5,-4500,12,2013
1274,1116,321,V,Kentucky,6,0,0,0,6,54,51.5,380,23.5,2013
1275,1116,322,H,Vanderbilt,9,0,0,13,22,13.5,12,-475,3.5,2013
1276,1116,323,V,HoustonU,0,13,0,0,13,57.5,60.5,580,28.5,2013
1277,1116,324,H,Louisville,7,3,10,0,20,16.5,17,-880,10,2013
1278,1116,325,V,CentralMichigan,14,0,13,0,27,2.5,3,-160,24.5,2013
1279,1116,326,H,WesternMichigan,0,6,10,6,22,53,51,140,0.5,2013
1280,1116,327,V,Maryland,0,14,7,0,27,42,44.5,450,22.5,2013
1281,1116,328,H,VirginiaTech,7,0,7,7,24,13.5,14.5,-600,9.5,2013
1282,1116,329,V,NCState,0,7,0,14,21,54,52,250,24.5,2013
1283,1116,330,H,BostonCollege,10,7,3,18,38,7,7,-300,3,2013
1284,1116,331,V,CincinnatiU,24,14,7,7,52,3,54,-103,24.5,2013
1285,1116,332,H,Rutgers,7,0,0,10,17,53,pk,-117,3,2013
1286,1116,333,V,NorthCarolina,7,17,3,7,34,52,53.5,-103,23.5,2013
1287,1116,334,H,PittsburghU,3,0,7,17,27,pk,1,-117,2.5,2013
1288,1116,335,V,CentralFlorida,5,17,0,17,39,17,17.5,-1000,9,2013
1289,1116,336,H,Temple,0,21,7,8,36,55,59.5,650,30.5,2013
1290,1116,337,V,Purdue,0,14,7,0,21,46,48,1100,24,2013
1291,1116,338,H,PennState,14,14,10,7,45,20.5,21.5,-1700,9,2013
1292,1116,339,V,Florida,7,7,0,0,14,44,42,485,21.5,2013
1293,1116,340,H,SouthCarolina,3,3,7,6,19,11,16,-635,11,2013
1294,1116,341,V,Michigan,3,0,0,6,27,1,48.5,120,22.5,2013
1295,1116,342,H,Northwestern,3,3,3,0,19,52.5,2.5,-140,0.5,2013
1296,1116,343,V,Syracuse,0,0,0,3,3,54.5,58,18200,22,2013
1297,1116,344,H,FloridaState,28,10,21,0,59,38.5,37.5,-37800,14.5,2013
1298,1116,345,V,FloridaAtlantic,7,20,14,0,41,14,17.5,-895,7,2013
1299,1116,346,H,SouthernMiss,0,0,0,7,7,49.5,50.5,645,21.5,2013
1300,1116,347,V,Akron,0,7,0,7,14,7,7,-280,3,2013
1301,1116,348,H,Massachusetts,3,3,7,0,13,45,50,230,23.5,2013
1302,1116,349,V,UAB,0,7,0,7,14,64.5,67.5,3600,28.5,2013
1303,1116,350,H,EastCarolina,14,21,14,14,63,25,28.5,-6400,10.5,2013
1304,1116,351,V,Connecticut,0,7,7,7,21,59,56,480,27.5,2013
1305,1116,352,H,SMU,7,14,7,10,38,13.5,14.5,-630,6.5,2013
1306,1116,353,V,WestVirginia,7,0,0,12,19,7.5,7,-265,5.5,2013
1307,1116,354,H,Kansas,3,14,7,7,31,50,44,215,23,2013
1308,1116,355,V,ULLafayette,7,14,7,7,35,21,20.5,-1300,10,2013
1309,1116,356,H,GeorgiaState,0,14,7,0,21,59.5,59.5,900,29,2013
1310,1116,357,V,California,0,10,0,14,24,67,66.5,100,1.5,2013
1311,1116,358,H,Colorado,3,21,3,14,41,1,1,-120,33.5,2013
1312,1116,359,V,TexasTech,20,7,7,0,34,85,84.5,3056,45,2013
1313,1116,360,H,Baylor,21,14,21,7,63,24.5,28,-5069,14,2013
1314,1116,361,V,Wyoming,7,0,0,0,7,69.5,70.5,1185,32.5,2013
1315,1116,362,H,BoiseState,14,14,17,3,48,20,24,-1835,10,2013
1316,1116,363,V,OregonState,0,3,7,7,17,64.5,65.5,410,30,2013
1317,1116,364,H,ArizonaState,13,7,0,10,30,13.5,13.5,-535,6,2013
1318,1116,365,V,Georgia,0,10,7,21,38,62.5,65.5,135,0.5,2013
1319,1116,366,H,Auburn,10,17,7,9,43,3,3,-155,31.5,2013
1320,1116,367,V,OklahomaState,7,21,10,0,38,1,3,-160,30.5,2013
1321,1116,368,H,Texas,3,7,3,0,13,62.5,62,140,pk,2013
1322,1116,369,V,IowaState,0,10,0,0,10,51,49,1485,24.5,2013
1323,1116,370,H,Oklahoma,0,10,17,21,48,21,23,2875,10.5,2013
1324,1116,371,V,Utah,0,7,7,7,21,64,63.5,2875,29.5,2013
1325,1116,372,H,Oregon,10,7,20,7,44,25,28,-4625,13,2013
1326,1116,373,V,SouthAlabama,7,7,0,0,14,57.5,59,235,29.5,2013
1327,1116,374,H,Navy,3,17,7,15,42,9.5,7,-285,3,2013
1328,1116,375,V,MichiganState,10,10,7,14,41,3.5,5.5,-225,0.5,2013
1329,1116,376,H,Nebraska,7,0,14,7,28,41,41,190,21,2013
1330,1116,377,V,OhioState,21,14,9,16,60,32,34,-16775,14,2013
1331,1116,378,H,Illinois,0,14,7,14,35,65,67.5,8725,31.5,2013
1332,1116,379,V,SanJoseState,10,6,0,0,16,7,6.5,-250,6.5,2013
1333,1116,380,H,Nevada,7,14,14,3,38,65.5,67,210,34.5,2013
1334,1116,381,V,Alabama,3,7,7,3,20,24.5,23.5,-2140,10.5,2013
1335,1116,382,H,MississippiSt,0,0,7,0,7,52,53.5,1140,24,2013
1336,1116,383,V,Stanford,7,3,7,0,17,3,4,-185,3.5,2013
1337,1116,384,H,USC,14,3,0,3,20,46,45,160,23.5,2013
1338,1116,385,V,ColoradoState,14,17,14,21,66,4,6.5,-270,2,2013
1339,1116,386,H,NewMexico,7,14,21,0,42,64.5,62,220,32,2013
1340,1116,387,V,Memphis,3,3,0,17,23,2.5,1.5,-125,18.5,2013
1341,1116,388,H,SouthFlorida,0,0,3,7,10,40,40,105,0.5,2013
1342,1116,389,V,LouisianaTech,0,0,7,7,14,49.5,51,480,23,2013
1343,1116,390,H,Rice,14,10,7,21,52,15,14.5,-630,5.5,2013
1344,1116,391,V,TCU,0,7,21,3,31,47,45,360,21.5,2013
1345,1116,392,H,KansasState,14,3,10,6,33,10.5,12,-450,4,2013
1346,1116,393,V,Troy,7,0,0,14,21,68,69.5,4069,32,2013
1347,1116,394,H,Mississippi,20,7,17,7,51,28,28,-7306,12.5,2013
1348,1116,395,V,TexasState,14,7,0,0,21,51.5,51.5,245,27,2013
1349,1116,396,H,ArkansasState,7,14,14,3,38,7,7.5,-305,3.5,2013
1350,1116,397,V,FloridaIntl,7,0,0,3,10,48.5,47,190,23,2013
1351,1116,398,H,UTEP,10,7,9,7,33,6,5.5,-225,1.5,2013
1352,1116,399,V,WashingtonState,10,0,7,7,24,65,63,350,31,2013
1353,1116,400,H,ArizonaU,7,7,3,0,17,12.5,11,-440,4,2013
1354,1116,401,V,SanDiegoState,0,7,7,7,28,5,5.5,-210,4,2013
1355,1116,402,H,Hawaii,7,7,0,7,21,55,60,180,28,2013
1356,1116,441,V,IdahoSt,3,0,7,3,13,NL,60,NL,NL,2013
1357,1116,442,H,BYU,14,35,10,0,59,45,46,NL,21,2013
1358,1119,101,V,BuffaloU,0,28,3,13,44,25,24.5,-2775,10.5,2013
1359,1119,102,H,MiamiOhio,0,0,0,7,7,49,48.5,1725,21.5,2013
1360,1119,103,V,KentState,3,14,14,13,44,52,53.5,225,27.5,2013
1361,1119,104,H,Ohio,6,7,0,0,13,5.5,7,-275,1.5,2013
1362,1120,105,V,NoIllinois,7,0,14,14,35,3,1,-125,33.5,2013
1363,1120,106,H,Toledo,3,7,7,0,17,72.5,73,105,pk,2013
1364,1121,109,V,Rutgers,0,14,0,3,17,57.5,59.5,760,28,2013
1365,1121,110,H,CentralFlorida,14,14,3,10,41,14.5,19.5,-1060,7.5,2013
1366,1121,111,V,Rice,10,7,7,7,37,14,17,-900,7.5,2013
1367,1121,112,H,UAB,0,7,14,10,34,63.5,63.5,650,28.5,2013
1368,1121,113,V,UNLV,20,13,0,8,41,61,59,105,31,2013
1369,1121,114,H,AirForce,0,14,7,0,21,pk,2,-125,2.5,2013
1370,1122,115,V,Navy,0,10,14,14,58,57,60.5,-105,0.5,2013
1371,1122,116,H,SanJoseState,3,13,6,16,52,3,1,-115,30,2013
1372,1123,117,V,Nebraska,0,7,10,3,23,50.5,50.5,-115,pk,2013
1373,1123,118,H,PennState,6,0,7,7,20,2.5,pk,-105,23.5,2013
1374,1123,119,V,Illinois,7,7,0,6,20,6,7,-250,4,2013
1375,1123,120,H,Purdue,14,0,0,2,16,56,55,210,28,2013
1376,1123,121,V,PittsburghU,0,10,7,0,17,1.5,1,-115,0.5,2013
1377,1123,122,H,Syracuse,6,3,7,0,16,49.5,50,-105,24.5,2013
1378,1123,123,V,Connecticut,0,0,14,14,28,50.5,53.5,205,24,2013
1379,1123,124,H,Temple,7,14,0,0,21,7,6.5,-245,2.5,2013
1380,1123,125,V,Indiana,0,0,0,14,14,81,79.5,9375,33,2013
1381,1123,126,H,OhioState,14,14,7,7,42,31.5,32.5,-18125,13.5,2013
1382,1123,127,V,MichiganState,0,14,10,6,30,7,7,-265,2.5,2013
1383,1123,128,H,Northwestern,3,3,0,0,6,42.5,41,215,21,2013
1384,1123,129,V,EastCarolina,7,14,14,7,42,6,4.5,-190,pk,2013
1385,1123,130,H,NCState,7,0,0,21,28,55,54.5,165,26.5,2013
1386,1123,131,V,Idaho,0,7,0,7,14,70,70,NL,27,2013
1387,1123,132,H,FloridaState,21,21,17,21,80,56,59.5,NL,19.5,2013
1388,1123,133,V,Marshall,0,20,14,14,48,33,31.5,-15000,14,2013
1389,1123,134,H,FloridaIntl,3,0,0,7,10,54.5,56,8000,25.5,2013
1390,1123,135,V,Kentucky,7,3,0,7,17,63,61,1495,24,2013
1391,1123,136,H,Georgia,21,14,21,3,59,26,26.5,-3495,9,2013
1392,1123,137,V,Kansas,0,0,0,0,0,47.5,46.5,155,22.5,2013
1393,1123,138,H,IowaState,7,3,17,7,34,4.5,3.5,-180,pk,2013
1394,1123,139,V,Duke,0,14,14,0,28,5.5,7,-270,4.5,2013
1395,1123,140,H,WakeForest,7,7,7,0,21,50,49.5,220,25.5,2013
1396,1123,141,V,BostonCollege,3,7,3,16,29,54,52.5,110,24,2013
1397,1123,142,H,Maryland,10,0,7,9,26,pk,2,-130,2,2013
1398,1123,143,V,Wisconsin,3,10,7,0,20,14.5,15.5,-725,7,2013
1399,1123,144,H,MinnesotaU,0,7,0,0,7,50,51,550,23.5,2013
1400,1123,145,V,Virginia,10,3,0,13,26,58,58,815,28,2013
1401,1123,146,H,MiamiFlorida,14,7,10,14,45,19.5,20.5,-1165,9.5,2013
1402,1123,147,V,CincinnatiU,0,17,7,0,24,58,60,110,28,2013
1403,1123,148,H,HoustonU,0,7,10,0,17,2.5,2.5,-130,1.5,2013
1404,1123,149,V,Memphis,0,3,0,14,17,43,44,1492,20,2013
1405,1123,150,H,Louisville,7,10,7,0,24,22.5,23,-2158,7.5,2013
1406,1123,151,V,Vanderbilt,7,0,0,7,14,53.5,48.5,120,23,2013
1407,1123,152,H,TennesseeU,0,7,3,0,10,2.5,2.5,-140,1.5,2013
1408,1123,153,V,Massachusetts,0,0,0,0,0,47,47.5,395,20.5,2013
1409,1123,154,H,CentralMichigan,7,20,7,3,37,8.5,12.5,-520,5,2013
1410,1123,155,V,BowlingGreen,17,17,17,7,58,24,26.5,-3050,11.5,2013
1411,1123,156,H,EasternMichigan,7,0,0,0,7,57,54.5,1550,23.5,2013
1412,1123,157,V,Hawaii,14,21,7,14,56,62.5,63,190,36.5,2013
1413,1123,158,H,Wyoming,13,22,7,14,59,6.5,5.5,-225,3,2013
1414,1123,159,V,WesternKentucky,0,17,0,21,38,3.5,5,-210,pk,2013
1415,1123,160,H,TexasState,0,7,0,0,7,50.5,50.5,180,25,2013
1416,1123,161,V,Michigan,7,14,0,0,21,48,46.5,185,23,2013
1417,1123,162,H,Iowa,7,0,7,10,24,3.5,6,-220,6,2013
1418,1123,163,V,ArizonaState,14,21,3,0,38,2,3,-150,30,2013
1419,1123,164,H,UCLA,10,3,14,6,33,61.5,61.5,130,pk,2013
1420,1123,165,V,ColoradoState,0,0,0,0,0,57.5,57.5,330,24.5,2013
1421,1123,166,H,UtahState,0,3,7,3,13,7.5,11,-410,4.5,2013
1422,1123,167,V,USC,9,14,14,10,47,21.5,20,-1605,7.5,2013
1423,1123,168,H,Colorado,0,0,7,22,29,53.5,53.5,905,23.5,2013
1424,1123,169,V,TexasA&M,0,10,0,0,10,70,74.5,150,37.5,2013
1425,1123,170,H,LSU,7,14,10,3,34,4,3.5,-170,pk,2013
1426,1123,171,V,MississippiSt,0,10,0,7,24,3,2.5,-125,2.5,2013
1427,1123,172,H,Arkansas,7,3,7,0,17,50.5,49.5,105,24.5,2013
1428,1123,173,V,Oregon,3,6,0,7,16,17.5,19.5,-1055,7,2013
1429,1123,174,H,ArizonaU,14,14,7,7,42,67,69.5,755,36.5,2013
1430,1123,175,V,UTEP,0,3,0,0,3,49,48,550,21,2013
1431,1123,176,H,Tulane,14,24,7,0,45,15.5,16,-725,7,2013
1432,1123,177,V,California,10,3,0,0,13,56,59,6700,27.5,2013
1433,1123,178,H,Stanford,21,21,7,14,63,28.5,31.5,-12300,11.5,2013
1434,1123,179,V,TexSanAntonio,7,0,7,7,21,49,48.5,295,24,2013
1435,1123,180,H,NorthTexas,0,3,0,10,13,7,9.5,-365,7,2013
1436,1123,181,V,BYU,7,0,6,0,13,54.5,2.5,-140,3,2013
1437,1123,182,H,NotreDame,14,3,3,3,23,1,53,120,27,2013
1438,1123,183,V,Baylor,0,3,0,14,17,10.5,7.5,-280,6.5,2013
1439,1123,184,H,OklahomaState,7,7,21,14,49,78,79,230,36.5,2013
1440,1123,185,V,MiddleTennSt,7,21,0,14,42,20.5,23.5,-2158,10.5,2013
1441,1123,186,H,SouthernMiss,7,0,7,7,21,54.5,54.5,1492,24,2013
1442,1123,187,V,GeorgiaState,10,7,7,9,33,57.5,58,1250,28,2013
1443,1123,188,H,ArkansasState,7,0,21,7,35,22.5,24.5,-1900,13.5,2013
1444,1123,189,V,WashingtonU,17,10,21,21,69,2.5,59.5,115,27,2013
1445,1123,190,H,OregonState,0,0,0,27,27,62.5,2.5,-135,2.5,2013
1446,1123,191,V,ULMonroe,0,7,7,0,14,56.5,56.5,140,27.5,2013
1447,1123,192,H,SouthAlabama,6,13,7,10,36,3,3.5,-160,pk,2013
1448,1123,193,V,SMU,3,0,13,0,16,5.5,6,-225,1,2013
1449,1123,194,H,SouthFlorida,0,0,0,6,6,55.5,55.5,190,24,2013
1450,1123,195,V,NewMexico,0,0,21,7,28,65,68,9375,28.5,2013
1451,1123,196,H,FresnoState,14,21,28,6,69,31,34.5,-18125,14,2013
1452,1123,197,V,NewMexicoState,0,7,3,0,10,55,57.5,1100,27,2013
1453,1123,198,H,FloridaAtlantic,14,14,14,13,55,21,23.5,-1700,10,2013
1454,1123,199,V,Tulsa,7,3,7,7,24,3.5,2.5,-135,0.5,2013
1455,1123,200,H,LouisianaTech,0,7,7,0,14,53,53.5,115,24.5,2013
1456,1123,201,V,Oklahoma,7,17,3,14,41,54.5,53.5,175,28,2013
1457,1123,202,H,KansasState,0,21,3,7,31,4,5.5,-205,2,2013
1458,1123,203,V,Missouri,7,10,7,0,24,2,1.5,-130,28.5,2013
1459,1123,204,H,Mississippi,0,3,7,0,10,56,58.5,110,0.5,2013
1460,1123,205,V,Utah,7,13,10,7,37,53.5,52,105,1,2013
1461,1123,206,H,WashingtonState,21,12,10,6,49,1,2,-125,28,2013
1462,1123,207,V,BoiseState,7,0,14,7,31,7.5,7,-265,4,2013
1463,1123,208,H,SanDiegoState,7,7,0,14,34,57,57,215,27.5,2013
1464,1123,241,V,TennChat,0,0,0,0,0,NL,52,175000,24,2013
1465,1123,242,H,Alabama,7,21,14,7,49,49,48,-875000,17,2013
1466,1123,243,V,TheCitadel,0,0,3,3,6,NL,70,60000,NL,2013
1467,1123,244,H,Clemson,14,28,3,7,52,39.5,40.5,-300000,14.5,2013
1468,1123,245,V,CoastalCarolina,0,7,0,3,10,NL,68.5,6000,NL,2013
1469,1123,246,H,SouthCarolina,28,14,21,7,70,34.5,34.5,-24000,14,2013
1470,1123,247,V,GeorgiaSouthern,0,7,13,6,26,NL,44,6000,21,2013
1471,1123,248,H,Florida,3,7,0,10,20,27.5,28.5,-24000,14.5,2013
1472,1123,249,V,AlabamaA&M,0,0,0,7,7,NL,58,190000,26.5,2013
1473,1123,250,H,GeorgiaTech,24,28,7,7,66,51.5,52.5,-950000,14.5,2013
1474,1123,251,V,OldDominion,13,0,7,0,20,NL,78,1000,NL,2013
1475,1123,252,H,NorthCarolina,14,35,31,0,80,17,17,-2000,pk,2013
1476,1126,301,V,WesternMichigan,0,7,0,7,14,63,64,NL,30,2013
1477,1126,302,H,NoIllinois,7,13,10,3,33,33.5,35.5,NL,18,2013
1478,1128,309,V,TexasTech,7,3,0,6,16,66,68,190,33,2013
1479,1128,310,H,Texas,10,10,7,14,41,5.5,6,-230,1.5,2013
1480,1128,311,V,Mississippi,0,7,3,0,10,3,4,-165,3,2013
1481,1128,312,H,MississippiSt,0,7,0,3,17,52.5,53.5,145,24,2013
1482,1129,313,V,Iowa,7,7,10,14,38,47.5,47,135,21,2013
1483,1129,314,H,Nebraska,0,3,7,7,17,2.5,3,-155,3,2013
1484,1129,315,V,Toledo,7,3,7,12,29,7.5,11,-410,7,2013
1485,1129,316,H,Akron,7,10,7,7,31,55.5,58,330,29.5,2013
1486,1129,317,V,MiamiOhio,0,0,14,0,14,55.5,60,11400,24.5,2013
1487,1129,318,H,BallState,7,28,10,10,55,33,35,-22600,14,2013
1488,1129,319,V,EasternMichigan,0,10,0,0,10,57.5,58,630,27,2013
1489,1129,320,H,CentralMichigan,14,7,14,7,42,19,17.5,-880,7,2013
1490,1129,321,V,Massachusetts,3,7,10,3,23,51,51.5,830,24,2013
1491,1129,322,H,Ohio,14,17,10,10,51,14,20.5,-1180,7.5,2013
1492,1129,323,V,EastCarolina,0,10,10,8,28,66,70.5,140,34.5,2013
1493,1129,324,H,Marshall,17,7,21,14,59,1.5,3.5,-160,0.5,2013
1494,1129,325,V,BowlingGreen,3,0,14,7,24,1,3.5,-165,3,2013
1495,1129,326,H,BuffaloU,0,7,0,0,7,52,51.5,145,24,2013
1496,1129,327,V,Arkansas,7,10,10,0,27,54.5,54.5,1450,28.5,2013
1497,1129,328,H,LSU,14,0,7,10,31,24.5,28,-2950,14,2013
1498,1129,329,V,TexasState,7,7,0,14,28,58.5,57.5,260,27,2013
1499,1129,330,H,Troy,7,14,7,14,42,4,8.5,-320,3.5,2013
1500,1129,331,V,FloridaIntl,3,0,0,3,6,42,45,3237,21,2013
1501,1129,332,H,FloridaAtlantic,14,0,7,0,21,28,28,-5513,11.5,2013
1502,1129,333,V,SouthFlorida,3,3,7,7,20,49.5,50.5,2300,24.5,2013
1503,1129,334,H,CentralFlorida,3,10,3,7,23,25,27,-3700,14,2013
1504,1129,335,V,FresnoState,27,14,3,8,52,8.5,11,-410,6.5,2013
1505,1129,336,H,SanJoseState,21,21,10,10,62,71,72.5,330,42.5,2013
1506,1129,337,V,MiamiFlorida,17,14,0,10,41,2.5,1.5,-125,27,2013
1507,1129,338,H,PittsburghU,7,3,7,14,31,56,56,105,1,2013
1508,1129,339,V,WashingtonState,0,10,0,7,17,65.5,66,585,31.5,2013
1509,1129,340,H,WashingtonU,3,0,17,7,27,14.5,17.5,-785,10,2013
1510,1129,341,V,SMU,0,0,0,0,0,64,64,275,28,2013
1511,1129,342,H,HoustonU,10,14,10,0,34,10,9,-345,3,2013
1512,1129,343,V,OregonState,0,17,3,15,35,68,69,1100,35.5,2013
1513,1129,344,H,Oregon,14,3,7,12,36,21,24,-1900,12.5,2013
1514,1130,345,V,OhioState,14,7,14,7,42,14,17,-745,8,2013
1515,1130,346,H,Michigan,14,7,0,20,41,58,57,570,30.5,2013
1516,1130,347,V,BostonCollege,7,7,7,10,31,2.5,2.5,-140,3,2013
1517,1130,348,H,Syracuse,0,21,3,10,34,53.5,51,120,27,2013
1518,1130,349,V,Maryland,17,17,7,0,41,2,3,-150,0.5,2013
1519,1130,350,H,NCState,7,7,7,0,21,51,50,130,26.5,2013
1520,1130,351,V,WakeForest,7,7,7,0,21,43,43,455,23.5,2013
1521,1130,352,H,Vanderbilt,7,10,0,6,23,14,14.5,-580,7,2013
1522,1130,353,V,Duke,7,10,7,3,27,60,62.5,165,31.5,2013
1523,1130,354,H,NorthCarolina,7,8,7,3,25,5.5,4.5,-190,3.5,2013
1524,1130,355,V,IowaState,7,7,0,24,52,54,54,270,25.5,2013
1525,1130,356,H,WestVirginia,17,14,0,7,44,8.5,7.5,-340,3,2013
1526,1130,357,V,Northwestern,10,10,3,14,37,4,4,-170,0.5,2013
1527,1130,358,H,Illinois,0,17,10,7,34,60.5,59.5,150,31.5,2013
1528,1130,359,V,Purdue,0,9,7,20,36,67,66.5,750,31,2013
1529,1130,360,H,Indiana,14,21,14,7,56,21,20,-1050,7.5,2013
1530,1130,361,V,Rutgers,7,3,7,0,17,4,2.5,-130,1,2013
1531,1130,362,H,Connecticut,14,0,0,14,28,49,47,110,23.5,2013
1532,1130,363,V,TennesseeU,14,6,7,0,27,4,3.5,-175,26.5,2013
1533,1130,364,H,Kentucky,0,7,0,7,14,53,52,155,pk,2013
1534,1130,365,V,MinnesotaU,0,3,0,0,3,41,42.5,580,20,2013
1535,1130,366,H,MichiganState,7,0,7,0,14,14.5,17,-755,7.5,2013
1536,1130,367,V,Temple,3,14,14,10,41,47,49.5,275,24.5,2013
1537,1130,368,H,Memphis,0,7,14,0,21,7,8.5,-345,6,2013
1538,1130,369,V,SouthernMiss,7,6,28,21,62,61.5,63,470,31,2013
1539,1130,370,H,UAB,14,7,0,6,27,13.5,14.5,-620,7,2013
1540,1130,371,V,SouthAlabama,14,10,14,0,38,10,7.5,-320,3.5,2013
1541,1130,372,H,GeorgiaState,0,3,7,7,17,61,59.5,260,27.5,2013
1542,1130,373,V,Wyoming,0,0,0,7,7,58.5,58.5,1245,24.5,2013
1543,1130,374,H,UtahState,7,14,14,0,35,20,24,-2245,9.5,2013
1544,1130,375,V,Colorado,0,0,7,10,17,55.5,56,515,24.5,2013
1545,1130,376,H,Utah,14,7,0,3,24,14,16.5,-665,7,2013
1546,1130,377,V,BYU,0,0,14,14,28,14.5,15.5,-660,10,2013
1547,1130,378,H,Nevada,7,0,7,9,23,65,66,510,31,2013
1548,1130,379,V,Tulane,3,0,7,3,13,49,49,310,24,2013
1549,1130,380,H,Rice,7,10,0,0,17,12.5,10,-390,3.5,2013
1550,1130,381,V,Georgia,0,7,10,10,41,3,2.5,-145,3,2013
1551,1130,382,H,GeorgiaTech,17,3,0,7,34,57,58.5,125,28,2013
1552,1130,383,V,TexasA&M,7,7,0,7,21,67.5,72.5,160,34.5,2013
1553,1130,384,H,Missouri,0,7,14,7,28,3,4.5,-185,3.5,2013
1554,1130,385,V,VirginiaTech,6,10,0,0,16,13,11,-440,3.5,2013
1555,1130,386,H,Virginia,3,3,0,0,6,41,41,350,21,2013
1556,1130,387,V,Alabama,0,21,0,7,28,9.5,10,-420,3.5,2013
1557,1130,388,H,Auburn,7,7,7,13,34,54.5,53,330,27,2013
1558,1130,389,V,NewMexico,7,0,3,7,17,64,70,19500,31,2013
1559,1130,390,H,BoiseState,14,7,7,17,45,35,37.5,-40500,16.5,2013
1560,1130,391,V,Baylor,10,17,14,0,41,14,14,-550,5.5,2013
1561,1130,392,H,TCU,3,14,14,7,38,64,65.5,425,31.5,2013
1562,1130,393,V,FloridaState,3,14,10,10,37,26,28,-4625,14,2013
1563,1130,394,H,Florida,0,0,0,7,7,44,51,2875,22.5,2013
1564,1130,395,V,AirForce,0,0,0,13,13,61,61.5,605,27.5,2013
1565,1130,396,H,ColoradoState,13,17,21,7,58,14,17.5,-855,7,2013
1566,1130,397,V,KansasState,14,7,7,3,31,16.5,18,-885,7.5,2013
1567,1130,398,H,Kansas,0,10,0,0,10,51.5,51.5,635,24.5,2013
1568,1130,399,V,PennState,7,7,10,7,31,49.5,49.5,1350,26.5,2013
1569,1130,400,H,Wisconsin,0,14,0,10,24,23.5,25.5,-2150,13.5,2013
1570,1130,401,V,LouisianaTech,3,7,0,0,10,53.5,52.5,510,25.5,2013
1571,1130,402,H,TexSanAntonio,14,3,7,6,30,14,16,-660,6.5,2013
1572,1130,403,V,Idaho,0,13,3,0,16,63,64.5,130,30.5,2013
1573,1130,404,H,NewMexicoState,7,3,7,7,24,4.5,3,-150,0.5,2013
1574,1130,405,V,SanDiegoState,7,0,6,6,19,3,3.5,-170,2.5,2013
1575,1130,406,H,UNLV,7,17,7,14,45,53.5,54,150,24.5,2013
1576,1130,407,V,ArkansasState,7,7,10,7,31,56.5,55.5,190,27.5,2013
1577,1130,408,H,WesternKentucky,14,6,7,7,34,4,5.5,-225,3,2013
1578,1130,409,V,NorthTexas,7,14,14,7,42,3,4,-195,1,2013
1579,1130,410,H,Tulsa,10,0,0,0,10,48.5,49.5,170,24.5,2013
1580,1130,411,V,ULMonroe,7,7,14,3,31,56,56.5,645,28,2013
1581,1130,412,H,ULLafayette,14,7,0,7,28,13,18,-895,7.5,2013
1582,1130,413,V,UTEP,0,7,10,0,17,56,56,1215,24.5,2013
1583,1130,414,H,MiddleTennSt,17,17,14,0,48,21,24,-1865,9.5,2013
1584,1130,415,V,Clemson,7,3,7,0,17,58,62,115,30.5,2013
1585,1130,416,H,SouthCarolina,7,10,0,14,31,6,2.5,-135,0.5,2013
1586,1130,417,V,UCLA,7,7,14,7,35,51,53,170,25.5,2013
1587,1130,418,H,USC,0,7,7,0,14,3.5,4,-195,3,2013
1588,1130,419,V,NotreDame,3,3,14,0,20,50.5,49,520,24,2013
1589,1130,420,H,Stanford,7,7,10,3,27,14,16.5,-730,8,2013
1590,1130,421,V,ArizonaU,0,7,14,0,21,59.5,62,325,29.5,2013
1591,1130,422,H,ArizonaState,13,17,14,14,58,14,10,-405,3,2013
1592,1130,423,V,Army,0,7,21,14,42,59,62.5,185,29.5,2013
1593,1130,424,H,Hawaii,14,14,14,7,49,4.5,6.5,-215,2.5,2013
1594,1205,103,V,Louisville,7,3,0,14,31,3.5,3,-150,0.5,2013
1595,1205,104,H,CincinnatiU,0,7,7,10,24,51,48.5,130,23,2013
1596,1206,105,V,BowlingGreen,17,14,0,16,47,57.5,58.5,135,31,2013
1597,1206,106,H,NoIllinois,7,6,7,7,27,3,3,-160,6,2013
1598,1207,107,V,Memphis,3,0,7,0,10,43,1.5,-120,1.5,2013
1599,1207,108,H,Connecticut,0,21,17,7,45,pk,41.5,100,20.5,2013
1600,1207,109,V,SouthFlorida,0,6,0,0,6,46.5,44,155,21.5,2013
1601,1207,110,H,Rutgers,14,7,0,10,31,7,4,-175,0.5,2013
1602,1207,111,V,Texas,0,3,0,7,10,73.5,71,580,33.5,2013
1603,1207,112,H,Baylor,3,0,17,10,30,14,17,-780,9.5,2013
1604,1207,113,V,ULLafayette,0,0,0,8,8,59,59.5,130,26.5,2013
1605,1207,114,H,SouthAlabama,17,13,0,0,30,pk,3,-150,pk,2013
1606,1207,115,V,CentralFlorida,0,3,14,0,17,10,14,-550,9.5,2013
1607,1207,116,H,SMU,3,7,3,0,13,60.5,56.5,425,27.5,2013
1608,1207,117,V,Oklahoma,7,3,7,16,33,58,57,305,27,2013
1609,1207,118,H,OklahomaState,7,3,7,7,24,10.5,10,-385,6.5,2013
1610,1207,119,V,Marshall,0,10,0,14,24,4.5,6.5,-265,6.5,2013
1611,1207,120,H,Rice,14,7,13,7,41,59.5,64.5,215,33.5,2013
1612,1207,121,N,Missouri,10,17,15,0,42,58,2,-130,33,2013
1613,1207,122,N,Auburn,14,14,17,14,59,3,59.5,110,2.5,2013
1614,1207,123,N,Duke,0,0,0,7,7,61.5,66,2200,30.5,2013
1615,1207,124,N,FloridaState,0,17,21,7,45,30,30,-5200,14,2013
1616,1207,125,V,Stanford,14,14,3,7,38,55.5,52.5,135,27,2013
1617,1207,126,H,ArizonaState,7,7,0,0,14,3,3,-155,4,2013
1618,1207,127,N,OhioState,0,10,14,0,24,6.5,5.5,-220,4.5,2013
1619,1207,128,N,MichiganState,3,14,3,14,34,51.5,53.5,190,26.5,2013
1620,1207,129,V,UtahState,0,7,0,10,17,59.5,61.5,120,28,2013
1621,1207,130,H,FresnoState,3,14,7,0,24,3.5,2.5,-140,pk,2013
1622,1214,303,V,Army,0,0,7,0,7,55,50,425,21,2013
1623,1214,304,H,Navy,3,14,3,14,34,10,13.5,-550,6.5,2013
1624,1221,201,N,ColoradoState,10,13,7,18,48,66,64,160,34.5,2013
1625,1221,202,N,WashingtonState,21,14,3,7,45,3.5,4,-185,NL,2013
1626,1221,203,N,USC,14,21,3,7,45,5.5,4.5,-195,0.5,2013
1627,1221,204,N,FresnoState,6,0,7,7,20,62,65.5,165,30.5,2013
1628,1221,205,N,BuffaloU,0,10,0,14,24,2,pk,-115,3,2013
1629,1221,206,N,SanDiegoState,7,21,14,7,49,54,48.5,-105,24,2013
1630,1221,207,V,ULLafayette,14,7,0,3,24,49.5,50.5,-105,26,2013
1631,1221,208,H,Tulane,0,14,7,0,21,pk,1,-115,0.5,2013
1632,1224,209,N,Ohio,0,14,3,3,20,62,63.5,435,34.5,2013
1633,1224,210,N,EastCarolina,14,3,0,20,37,12.5,14,-575,9,2013
1634,1226,213,N,PittsburghU,7,10,3,10,30,51,50,210,24,2013
1635,1226,214,N,BowlingGreen,3,7,10,7,27,6,6.5,-250,4.5,2013
1636,1226,215,N,UtahState,3,3,7,8,21,58,2.5,-135,24.5,2013
1637,1226,216,N,NoIllinois,0,7,0,7,14,1.5,55.5,115,0.5,2013
1638,1227,217,N,Marshall,14,3,0,14,31,2.5,2.5,-140,34,2013
1639,1227,218,N,Maryland,7,6,0,7,20,59.5,64,120,0.5,2013
1640,1227,219,N,Syracuse,0,7,7,7,21,47.5,48,145,21,2013
1641,1227,220,N,MinnesotaU,0,3,0,14,17,4.5,3.5,-170,0.5,2013
1642,1227,221,N,WashingtonU,7,14,7,3,31,3,6,-230,3,2013
1643,1227,222,N,BYU,0,16,0,0,16,59,65.5,192,34.5,2013
1644,1228,223,N,Rutgers,10,3,0,3,16,53,53.5,450,27,2013
1645,1228,224,N,NotreDame,10,3,3,13,29,15.5,14.5,-600,7.5,2013
1646,1228,225,N,CincinnatiU,0,3,7,7,17,54.5,60,115,0.5,2013
1647,1228,226,N,NorthCarolina,16,7,13,3,39,3,2.5,-135,28.5,2013
1648,1228,227,N,MiamiFlorida,2,0,0,7,9,55.5,60,180,28,2013
1649,1228,228,N,Louisville,6,16,7,7,36,3,5.5,-210,4,2013
1650,1228,229,N,Michigan,3,3,0,8,14,56,52.5,227,26,2013
1651,1228,230,N,KansasState,14,7,0,10,31,3,7,-275,3,2013
1652,1230,231,N,MiddleTennSt,3,3,0,0,6,55,58,230,27.5,2013
1653,1230,232,N,Navy,7,3,0,14,24,6.5,6.5,-270,2.5,2013
1654,1230,233,N,Mississippi,7,6,10,2,25,2.5,2.5,-135,27,2013
1655,1230,234,N,GeorgiaTech,7,0,0,10,17,57.5,57,115,pk,2013
1656,1230,235,N,Texas,7,0,0,0,7,66,68,445,33.5,2013
1657,1230,236,N,Oregon,10,10,3,7,30,10.5,15,-600,7.5,2013
1658,1230,237,N,TexasTech,13,14,10,0,37,68.5,72.5,545,36.5,2013
1659,1230,238,N,ArizonaState,6,7,7,3,23,11.5,17,-800,10.5,2013
1660,1231,239,N,BostonCollege,3,3,0,13,19,57,57,240,27,2013
1661,1231,240,N,ArizonaU,7,14,14,7,42,7,7,-290,5,2013
1662,1231,241,N,VirginiaTech,7,0,3,2,12,47,45,240,21.5,2013
1663,1231,242,N,UCLA,7,7,0,28,42,7.5,7,-290,3,2013
1664,1231,243,N,MississippiSt,7,20,14,3,44,7,7,-285,6,2013
1665,1231,244,N,Rice,7,0,0,0,7,51.5,50,235,24.5,2013
1666,1231,245,N,Duke,14,24,3,7,48,70,75.5,435,41.5,2013
1667,1231,246,N,TexasA&M,3,14,14,21,52,11.5,13.5,-560,10,2013
1668,101,247,N,Nebraska,0,10,14,0,24,60,61,280,26.5,2013
1669,101,248,N,Georgia,0,9,3,7,19,9,9.5,-350,6,2013
1670,101,249,N,UNLV,7,0,0,7,14,54.5,53,200,24.5,2013
1671,101,250,N,NorthTexas,7,0,7,22,36,6.5,6,-235,3,2013
1672,101,251,N,Wisconsin,0,14,3,7,24,2,1.5,-120,2,2013
1673,101,252,N,SouthCarolina,7,6,7,14,34,51,51,100,26.5,2013
1674,101,253,N,Iowa,0,0,7,7,14,49.5,48.5,255,21,2013
1675,101,254,N,LSU,7,7,0,7,21,7,7.5,-315,4,2013
1676,101,255,N,MichiganState,0,14,3,7,24,45,41.5,235,21,2013
1677,101,256,N,Stanford,10,7,0,3,20,3,7,-285,3,2013
1678,101,257,N,CentralFlorida,14,14,7,17,52,66.5,75,520,41.5,2013
1679,101,258,N,Baylor,7,13,8,14,42,16.5,16.5,-670,11.5,2013
1680,102,259,N,Oklahoma,14,17,0,14,45,51,51.5,565,29.5,2013
1681,102,260,N,Alabama,10,7,7,7,31,15,16.5,-800,10.5,2013
1682,103,261,N,OklahomaState,7,0,7,17,31,60.5,3,-160,3.5,2013
1683,103,262,N,Missouri,7,10,0,24,41,1.5,62,135,31.5,2013
1684,103,263,N,Clemson,14,6,14,6,40,66.5,71.5,115,38,2013
1685,103,264,N,OhioState,9,13,7,6,35,3,2.5,-135,0.5,2013
1686,104,265,N,HoustonU,0,0,24,0,24,54.5,53,100,24,2013
1687,104,266,N,Vanderbilt,14,10,0,17,41,3,1.5,-120,0.5,2013
1688,105,267,N,ArkansasState,0,10,6,7,23,61,65.5,200,31.5,2013
1689,105,268,N,BallState,7,3,0,10,20,9,6,-240,3.5,2013
1690,106,269,N,Auburn,7,14,0,10,31,65,68,310,35,2013
1691,106,270,N,FloridaState,3,7,3,21,34,9.5,11,-380,8.5,2013
